"DESCRIPTION","DURATION IN MS","NAME","PARENT SUITE","START TIME","STATUS","STOP TIME","SUB SUITE","SUITE","TEST CLASS","TEST METHOD"
"","1249","TC-L24: the tenant's own title and branding are served","customer-lima","2026-09-01","passed","2026-09-01","Lima — basename routing","","",""
"A password under 8 characters shows an inline validation error on blur (client-side validation; submit is never attempted here).","3681","TC-96: a weak password is rejected client-side","dashboard","2026-09-01","passed","2026-09-01","Public — Sign up","","",""
"Opening the Add Item wizard and blurring name/price with both left blank shows inline required-field errors and keeps the Next button disabled.","4517","TC-62: menu item wizard blocks Next when name and price are blank","dashboard","2026-09-01","passed","2026-09-01","Owner — Menu Management > Category and item CRUD","","",""
"POST /menu/menu-groups/:gid/reset-availability clears outOfStock for all items of the group; calling it on a group with nothing out of stock is a harmless 200.","536","TC-269: reset-availability restores every out-of-stock item in the group","dashboard","2026-09-01","passed","2026-09-01","Owner — Menu API contract","","",""
"Owner clicks Edit Item on an existing menu item, updates name and price in the wizard, and verifies the success toast.","9603","TC-43: owner can edit a menu item name and price","dashboard","2026-09-01","passed","2026-09-01","Owner — Menu Management > Category and item CRUD","","",""
"Session-scoped and tenant-namespaced, but it must still persist within the tenant — a customer who refreshes mid-order should not lose it.","3422","TC-L33: the cart survives a reload","customer-lima","2026-09-01","passed","2026-09-01","Lima — menu and cart","","",""
"The dashboard is forward-only but the API is not a state machine: DELIVERED → PENDING is a 200 today and resets completedAt to null. Pinned on purpose (decision 2026-08-15) so a future state-machine change is a conscious one — see the fixme twin below.","430","TC-259: [pinned] backwards status moves are currently accepted and clear completedAt","dashboard","2026-09-01","passed","2026-09-01","Owner — Orders API contract","","",""
"MENU_MODIFIER_SYSTEM.md rules enforced on save: an INCLUDED group stores every option at $0 even when the client sends prices; a nested (child) group is forced to INCLUDED/$0 regardless of the requested pricing mode; a grandchild group is dropped; sortOrder = submitted array index.","288","TC-265: modifier normalisation — INCLUDED prices → 0, child groups forced free, one level of nesting","dashboard","2026-09-01","passed","2026-09-01","Owner — Menu API contract","","",""
"","5719","TC-353: the Status filter narrows to Active / Inactive / Expired; an expired row has a disabled switch with 'Cannot toggle expired deals'","dashboard","2026-09-01","passed","2026-09-01","Owner — Deals","","",""
"PUT /api/order/statistics/cancel/:id on a live unpaid order → 200 {action:'CANCELLED'}; the same call again → 400 'already been cancelled'. Prevents double-cancel from a stale sheet.","488","TC-256: cancelling an already-cancelled order is rejected","dashboard","2026-09-01","passed","2026-09-01","Owner — Orders API contract","","",""
"The search box is one field for name / email / phone (backend ORs over customer.* AND the on-order contact snapshot). Surname: the run-unique last name returns exactly the three named seed rows (the guest seed has no name). Email: the unique local part returns order A. (Phone is TC-262.)","3863","TC-232: searching by customer last name and email finds the seeded orders","dashboard","2026-09-01","passed","2026-09-01","Owner — Orders Tab","","",""
"PUT .../reservation-settings refuses onlineBookingEnabled:true (400 RESERVATION_PACING_REQUIRED) until at least one active service period has a pacing cap — this fresh tenant has zero periods. The resolved English message renders inline next to the toggle with a ""Go to Service periods"" link; the server value stays false.","2690","TC-441: pacing-guard UX — with no capped periods, toggling online booking ON renders the server's error inline and booking stays OFF","dashboard","2026-09-01","passed","2026-09-01","Owner — Reservations","","",""
"Customer clicks the seed menu item card, the item modal opens, and the Add to Cart button is visible.","2995","TC-23: customer can open the seed menu item modal and see Add to Cart button","customer","2026-09-01","passed","2026-09-01","Customer — Menu Browsing","","",""
"","2537","TC-495: a dual-priced restaurant's wind checkout shows the single card price — no cash wording, no fee line","customer","2026-09-01","passed","2026-09-01","Customer — Dual pricing stays off the online checkout","","",""
"","2562","TC-L50: a reward member can log in with OTP @smoke","customer-lima","2026-09-01","skipped","2026-09-01","Lima — reward member login","","",""
"Restaurant Management → row kebab → Edit → Update Restaurant Info → Basic Information: the 'Dual pricing eligible' switch, the #dual-pricing-card-markup field (with the 'legal in every US state' note), 'Convert menu…' and 'Price list / signage' render. Read-only — nothing is toggled or saved on the shared restaurant.","3262","TC-496: admin Update Restaurant Info carries the dual-pricing enrollment switch, card markup field and menu actions","dashboard","2026-09-01","passed","2026-09-01","Dashboard — Dual pricing v2","","",""
"","3298","TC-05: admin can open the action menu on a demo row","dashboard","2026-09-01","passed","2026-09-01","Admin — Demo Request Actions","","",""
"A store that has real orders can't leave a chain (Domino's rule): link a throwaway store, seed a real-price order on it, POST …/unlink → 400 'This location has gone live…'. Unlinking a restaurant that isn't a member → 404. Cancelling the order (CANCELLED is excluded from the live check) makes unlink succeed; the store is then archived (admin DELETE only archives — it never detaches membership) and the fixture chain is asserted back at 2 locations.","1585","TC-324: unlink is refused for a location that has gone live, and for a non-member","dashboard","2026-09-01","passed","2026-09-01","Admin — Chains","","",""
"From the restaurant portal, the sidebar 'Menu' item renders the 'Menu Availability Management' page: the seeded category accordion shows '6 Available'; 'Manage Menu' navigates to the builder at /restaurant/restaurantId/:id (New Category visible).","5425","TC-288: the sidebar Menu tab opens Menu Availability Management and Manage Menu opens the builder @smoke","dashboard","2026-09-01","passed","2026-09-01","Owner — Menu tab (availability / featured)","","",""
"Seat + link an order, then CANCEL THE ORDER: the controller's own comment states the reservation is the party's real state, so cancel only unlinks (Reservation.orderId = null) and never touches status — a SEATED reservation stays SEATED (re-linkable by the next create-order, since SEATED is itself linkable). The table's floor state follows: OCCUPIED (open check) reverts to SEATED (assigned, no open order) rather than all the way to AVAILABLE, since the ReservationTable assignment and SEATED status both survive the order's cancellation.","689","TC-415: cancelling the order unlinks the reservation but does NOT revert its status","pos","2026-09-01","passed","2026-09-01","POS — Reservation Lifecycle (tablet host stand)","","",""
"","73","TC-490: split tender pays the card price — a cash discount on a split body is refused","pos","2026-09-01","passed","2026-09-01","POS — Dual pricing v2 (per-item cash tier)","","",""
"POST /restaurant/:rid/table-sections creates a section (name + sortOrder); PATCH renames it; GET lists both; a duplicate name on this restaurant → 409 TABLE_SECTION_NAME_CONFLICT.","391","TC-384: sections CRUD happy path — create, rename, list, duplicate name refused","pos","2026-09-01","passed","2026-09-01","POS — Table Management (floor, tables, sections, combinations)","","",""
"Customer fills First Name, Last Name, Email, Phone, selects Pickup, and clicks Proceed to Payment. Stripe payment section appears.","4095","TC-25: customer can fill checkout form and proceed to payment step","customer","2026-09-01","passed","2026-09-01","Customer — Checkout","","",""
"","3780","TC-114: the side sheet can be closed","dashboard","2026-09-01","passed","2026-09-01","Admin — User Management > Detail side sheet","","",""
"","168","TC-286: another owner must not upload an image onto our item","dashboard","2026-09-01","passed","2026-09-01","Owner — Menu API contract > authorization — a second owner against our menu","","",""
"","204","TC-L25: a pinned single-tenant deployment still renders @smoke","customer-lima","2026-09-01","skipped","2026-09-01","Lima — legacy pinned deployment","","",""
"","375","TC-349: a second owner cannot edit our deal — PUT /:dealId (RestauNax #618)","dashboard","2026-09-01","passed","2026-09-01","Owner — Deals API contract > authorization — another owner (the seed OWNER) against this tenant's deals","","",""
"A slug we cannot resolve must 404 so the storefront shows its neutral screen. Reserved words matter because the slug occupies the first path segment and would otherwise shadow a real route.","99","TC-L03: unknown, reserved and malformed slugs all 404 @smoke","customer-lima","2026-09-01","passed","2026-09-01","Lima — slug resolution","","",""
"After the /api/analytics/dashboard fetch completes, the page shows either the summary cards (when the range has orders) or the 'no data for this range' empty state — never a load error. This asserts the fetch path works regardless of the current QA data volume.","3487","TC-127: the analytics dashboard resolves to data or an empty state without erroring","dashboard","2026-09-01","passed","2026-09-01","Owner — Analytics Tab","","",""
"With maxOpenReservationsPerPhone:1, the SAME phone booking a second future slot → 409 RESERVATION_MAX_OPEN_REACHED (the first booking still counts as an open reservation on that phone).","587","TC-424: per-phone cap — a second future booking on the same phone is refused","pos","2026-09-01","passed","2026-09-01","POS — Waitlist & Public Reservation Booking","","",""
"While a search term is set the date range is ignored server-side; the toolbar says so with an info banner and a Clear Search action. Clearing re-queries WITHOUT ?search= and WITH the startDate/endDate pair again, hides the banner and empties the input.","3711","TC-233: search mode shows the 'all orders' banner and Clear Search restores the date-range list","dashboard","2026-09-01","passed","2026-09-01","Owner — Orders Tab","","",""
"The core journey: menu → item → cart → checkout, entirely through the real UI, under a tenant basename.","2899","TC-L32: adding an item and proceeding reaches checkout @smoke","customer-lima","2026-09-01","passed","2026-09-01","Lima — menu and cart","","",""
"Searching the Assign autocomplete for the known ADMIN_EMAIL account, selecting it, and clicking Assign PUTs assignedToId — verified via the response body (the UI doesn't surface the assignee anywhere else).","6742","TC-10: admin can assign a demo request to a team member","dashboard","2026-09-01","passed","2026-09-01","Admin — Demo Request Actions","","",""
"","3935","TC-357: Delete asks for confirmation (title + three consequences); Cancel keeps the deal, Confirm hard-deletes it","dashboard","2026-09-01","passed","2026-09-01","Owner — Deals","","",""
"The page shows a Delivery Configuration section describing the mode/provider/environment.","2562","TC-83: Uber Eats delivery settings page shows the delivery configuration section","dashboard","2026-09-01","passed","2026-09-01","Owner — Uber Eats Delivery Settings","","",""
"GET /api/deals/restaurant/:id/active is what the storefront renders. Six seeded deals: one plain (listed, with dealPrice/originalPrice/savings and slot items), one INACTIVE, one endDate yesterday, one startDate in 3 days, one validDays = a weekday 3 days from now, one 1-minute validTimeStart=End window 12 h away (server-local time) — the five restricted ones are absent. Empty validDays = all days; a single-sided time bound is ignored (validTimeStart only → still listed).","1578","TC-331: public /active lists only deals that are ACTIVE and inside every window (status, dates, weekday, HH:MM); unknown restaurant → 200 []","dashboard","2026-09-01","passed","2026-09-01","Owner — Deals API contract","","",""
"The Orders tab offers an Export action so owners can pull their orders out for reporting/accounting.","4107","TC-135: the Orders toolbar exposes an Export control","dashboard","2026-09-01","passed","2026-09-01","Owner — Orders Tab","","",""
"","3553","TC-106: cancel resets the invite form","dashboard","2026-09-01","passed","2026-09-01","Admin — User Management > Invite dialog","","",""
"","173","TC-283: another owner must not be able to edit our item (PUT …/changes)","dashboard","2026-09-01","passed","2026-09-01","Owner — Menu API contract > authorization — a second owner against our menu","","",""
"Owner PUT {dualPricingEligible:true} is stripped (admin-only) → enabling is refused not_eligible; admin enrolls without a markup → enabling is refused markup_not_set; an owner-sent markup is stripped.","208","TC-485: enabling dual pricing is refused until a card markup is set; an owner cannot set the markup","pos","2026-09-01","passed","2026-09-01","POS — Dual pricing v2 (per-item cash tier)","","",""
"","3578","TC-111: clicking a row opens the detail side sheet","dashboard","2026-09-01","passed","2026-09-01","Admin — User Management > Detail side sheet","","",""
"","280","TC-345: chain routes are the positive control — a non-owner gets 403 on /api/chains/:gid/deals","dashboard","2026-09-01","passed","2026-09-01","Owner — Deals API contract > authorization — another owner (the seed OWNER) against this tenant's deals","","",""
"","4","TC-307: AI entry points open their dialogs (presence only — nothing is generated)","dashboard","2026-09-01","skipped","2026-09-01","Owner — Menu builder, item wizard & item detail","","",""
"Idempotency is what makes a nervous admin able to retry. A second import of the same codes must skip, never double a customer's balance.","415","TC-502: re-uploading the same file changes nothing","dashboard","2026-09-01","failed","2026-09-01","Admin — Importing existing gift cards","","",""
"A maxSelections=2 checkbox group: after two selections the third, unchecked option is disabled (and un-checking frees it again).","1631","TC-191: maxSelections caps a multi-select group — remaining options disable at the cap","customer","2026-09-01","passed","2026-09-01","Customer — Item Modifiers","","",""
"Backing out of the cancel dialog must be free of side effects: no cancel request is sent, the nested dialog closes and the sheet still offers Cancel Order.","3219","TC-247: 'Keep Order' closes the cancel dialog without cancelling","dashboard","2026-09-01","passed","2026-09-01","Owner — Orders Tab","","",""
"Chain shell → Create Deal: the picker lists shared master items (anchor-location caption), the submit reads 'Create deal for all 2 locations', clicking it opens 'Heads up — chain-wide change' → Continue → POST /api/chains/:gid/deals 201 → 'Deal created successfully' → back on the chain table with a 'Chain' row; public /active at BOTH locations lists it. (The fan-out confirm is suppressed for the rest of the browser session after the first Continue — this test clears that flag first.)","6257","TC-366: creating a chain deal in the chain shell goes through the fan-out confirm and lands at every location","dashboard","2026-09-01","passed","2026-09-01","Owner — Chain deals","","",""
"","5451","TC-361: creating a deal through the form persists the split slots and the server-computed savings, then lands on the table","dashboard","2026-09-01","passed","2026-09-01","Owner — Deals","","",""
"Opening /deals/<id> auto-adds the deal to the cart and shows per-slot progress ('0 of 1 items added'); picking the slot item via 'Add to Deal' completes it ('Deal Complete!') and checkout offers the normal Proceed to Payment button.","3567","TC-195: the deal builder auto-adds the deal and completing its slot enables checkout @smoke","customer","2026-09-01","passed","2026-09-01","Customer — Deals","","",""
"Filling every field but leaving 'agree to terms' unchecked and clicking submit leaves the visitor on /demo with no success dialog (native validation blocks it).","17713","TC-74: submitting without agreeing to terms does not submit the form","dashboard","2026-09-01","failed","2026-09-01","Demo Request — Public Form","","",""
"Chain deals live on the RestaurantGroup (Deal.restaurantId XOR restaurantGroupId). Created from shared master items → public /active at Loc A AND Loc B lists it, /quote at Loc B charges its dealPrice, GET /api/chains/:gid/deals lists it, but GET /api/deals/restaurant/<Loc A> (the owner list) does not (restaurantId-scoped). A seed-restaurant (non-chain) item is refused with 400. Deleted through the scope-agnostic DELETE /api/deals/:id.","843","TC-344: a chain deal (POST /api/chains/:gid/deals) is offered at every member and quoted there, but is not in a member's owner list; non-chain items are refused","dashboard","2026-09-01","passed","2026-09-01","Owner — Deals API contract","","",""
"The customer coupon-redemption path (previously untested): applying the seeded percentage coupon at checkout shows the discount in the order summary; a bogus code is rejected with an error and no discount.","4191","TC-125: a valid coupon applied at checkout shows the discount, an invalid one is rejected","customer","2026-09-01","passed","2026-09-01","Customer — Checkout coupon & delivery","","",""
"Typing a date/time into the masked MM/DD/YYYY hh:mm aa field and clicking Schedule Demo flips status to Scheduled and sets scheduledDemoAt.","5092","TC-11: admin can schedule a demo","dashboard","2026-09-01","passed","2026-09-01","Admin — Demo Request Actions","","",""
"Pizza + fries @ $15; the pizza slot is customised with 'Extra Cheese' (+$2.00, ADJUSTS_PRICE). Checkout shows 'Modifiers/Upgrades +$2.00', the expanded deal lists '1x <pizza> (+$2.00)', and the page's own /quote returns upcharge 2 / lineTotal 17 / subtotal 17 — the client's number is recomputed server-side.","4108","TC-369: a modifier chosen on a deal slot is charged as an upcharge on top of the deal price — in the summary and in the quote","customer","2026-09-01","passed","2026-09-01","Deals → Storefront hand-off","","",""
"The restaurant created in globalSetup appears as a card on the list page.","1934","TC-14: seed restaurant card is visible with the correct restaurant name","dashboard","2026-09-01","passed","2026-09-01","Owner — My Restaurants List","","",""
"POST /menu/item/new with a made-up Bearer token is rejected with a 401 rather than a validation error.","17","TC-69: an authenticated endpoint rejects a garbage Bearer token","dashboard","2026-09-01","passed","2026-09-01","API — Negative cases","","",""
"From the restaurant management portal, navigating to the menu editor reveals the 'New Category' button.","3849","TC-19: owner can navigate to the Menu tab and see the category section @smoke","dashboard","2026-09-01","passed","2026-09-01","Owner — Menu Management","","",""
"The margin guardrail: a FREE_DELIVERY coupon carries a minimum order. Applying it to a cart below that minimum is rejected with the 'Order must be at least $X' message — the waiver never applies to a tiny order.","1627","TC-217: a free-delivery code below its minimum order is rejected","customer","2026-09-01","passed","2026-09-01","Customer — Free-delivery coupon","","",""
"A dry run over the real handover shape: BOM, 'Card Number'/'Current Balance' headers, 15-digit codes. Nothing may exist afterwards.","150","TC-499: the preview reports what would be created and writes nothing","dashboard","2026-09-01","passed","2026-09-01","Admin — Importing existing gift cards","","",""
"","7633","TC-123: invited user claims access, and sees their access level","dashboard","2026-09-01","passed","2026-09-01","Admin — User Management > Invite → claim → login journey","","",""
"","5206","TC-110: status filter narrows the list","dashboard","2026-09-01","passed","2026-09-01","Admin — User Management > List, search & filter","","",""
"REVERT while enabled → 400 (turn it off first). Owner turns dual pricing off → REVERT preview lists 13.40→12.95 / 3.11→3.00, execute restores them (menu serves no cashPrice while off), a second REVERT is 400 not_converted, and CONVERT runs again (12.95→13.40). Dual pricing is re-enabled at the end.","470","TC-498: the conversion is reversible — refused while dual pricing is on, then divides every price back by the recorded markup, and can be run again","pos","2026-09-01","passed","2026-09-01","POS — Dual pricing v2 (per-item cash tier)","","",""
"Before the entitlement: combination create → 403 RESERVATIONS_NOT_ENABLED (tableServiceEnabled alone is NOT enough for combinations). After granting TABLE_RESERVATIONS: create with two real member tables → 201; a tableId that isn't this restaurant's → 403 TABLE_COMBINATION_FOREIGN_TABLE_ID.","478","TC-391: combinations gated on the TABLE_RESERVATIONS entitlement alone","pos","2026-09-01","passed","2026-09-01","POS — Table Management (floor, tables, sections, combinations)","","",""
"","1722","TC-L34: checkout with an empty cart does not offer payment","customer-lima","2026-09-01","passed","2026-09-01","Lima — menu and cart","","",""
"With no ReservationServicePeriod configured yet, PUT {onlineBookingEnabled:true} → 400 RESERVATION_PACING_REQUIRED. Creating an active, paced (maxPartiesPerSlot set) period for every day of the week — full 00:00-23:45 coverage, which also gives TC-405's booking somewhere to land regardless of which day it falls on — then lets the same PUT through.","867","TC-400: pacing guard — onlineBookingEnabled refuses with zero paced periods, succeeds once one exists","pos","2026-09-01","passed","2026-09-01","POS — Reservation Configuration (settings, periods, turn times, overrides, phone booking)","","",""
"","2279","TC-L22: in-app navigation and history keep the slug","customer-lima","2026-09-01","failed","2026-09-01","Lima — basename routing","","",""
"Clicking Owner Settings in the sidebar loads the settings view: the title, both sub-tabs (Automated Reports / Notifications), and — once the settings fetch resolves — the Automated Business Reports section, its Schedule, and the Save Settings button. Read-only: no toggle is flipped and nothing is saved, so the shared QA owner account's real report config is untouched.","2735","TC-139: owner can open Owner Settings and see the Automated Reports form","dashboard","2026-09-01","passed","2026-09-01","Owner — Owner Settings Tab","","",""
"…/tab/create-terminal-intent: amount ≤ 0 → 400; amount > remaining → 400 (checked under the per-order advisory lock). A valid create returns a bound card_present PaymentIntent (clientSecret) and a PENDING leg — an intent is not money, remaining is unchanged. cancel-terminal-intent flips the row FAILED (shares recompute) and a second cancel replays idempotently. Capture needs a physical reader — that half is device-lane coverage, not QA-API coverage.","1503","TC-382: card leg — create-intent validates amounts, a PENDING leg never consumes remaining, cancel abandons it idempotently","pos","2026-09-01","passed","2026-09-01","POS — Table Service Open Checks","","",""
"","191","TC-484: admin sets the card markup (bounded by the 5% ceiling) and the owner can enable","pos","2026-09-01","passed","2026-09-01","POS — Dual pricing v2 (per-item cash tier)","","",""
"Chain: 86 a shared item at A and at B. POST /menu/menu-groups/:sharedGroup/reset-availability {restaurantId:A} → A reads outOfStock:false while B is still out of stock (only A's override rows are cleared — RestauNax #602). The legacy call without restaurantId only clears the master flag, so B stays 86'd until its own location reset. A non-member restaurantId → 400.","644","TC-282: chain reset-availability with restaurantId un-86s that location only; without it, the master flag","dashboard","2026-09-01","passed","2026-09-01","Owner — Menu API contract","","",""
"Filter Orders → Order Type = Delivery (scoped to the seed surname) sends orderType=DELIVERY and returns only order B; the pickup seeds A and C are excluded.","5693","TC-235: the Order Type filter returns only orders of that type","dashboard","2026-09-01","passed","2026-09-01","Owner — Orders Tab","","",""
"DELETE .../tables/:id on a table nothing references → data.deleted:true and the row disappears from the owner list; on a table with a live order → data.deleted:false and isActive:false (history keeps a row to point at).","565","TC-389: delete semantics — unreferenced hard-deletes, referenced soft-deactivates","pos","2026-09-01","passed","2026-09-01","POS — Table Management (floor, tables, sections, combinations)","","",""
"Using the pre-authenticated admin session from globalSetup, the admin should land on a page that is not /sign-in.","2933","TC-03: admin can reach the dashboard after login","dashboard","2026-09-01","passed","2026-09-01","Admin — Demo Management","","",""
"Status update (both PUT variants), cancel and refund already called assertControlsOrderRestaurant before #621 — they were the positive controls in the original finding. Pin them too: an intruder gets 403 on every mutating path and the order is left untouched (still CONFIRMED for the real owner).","273","TC-229: mutating order endpoints keep enforcing ownership (positive control)","dashboard","2026-09-01","passed","2026-09-01","Owner — Orders API auth & tenant isolation","","",""
"Selecting Item Discount as the discount type requires and accepts a menu item selection.","5235","TC-146: owner can create a FIXED_ITEM coupon","dashboard","2026-09-01","passed","2026-09-01","Owner — Coupons","","",""
"The toolbar's refresh icon re-issues the management GET (there is no auto-refresh on this tab).","4306","TC-239: the Refresh button re-fetches the orders list","dashboard","2026-09-01","passed","2026-09-01","Owner — Orders Tab","","",""
"POST /api/order/statistics/refund/:id requires paymentStatus COMPLETED. A seeded (unpaid) order → 400 'Only completed payments can be refunded' — no Stripe call is attempted.","174","TC-257: refunding an unpaid order is rejected","dashboard","2026-09-01","passed","2026-09-01","Owner — Orders API contract","","",""
"The Sort dropdown drives server-side ordering (per-column grid sorting is disabled). 'Highest Amount' → sortBy=total&sortDirection=desc and the returned totals are non-increasing; 'Lowest Amount' → asc and non-decreasing.","5694","TC-237: sorting by amount re-queries with sortBy=total and orders the rows accordingly","dashboard","2026-09-01","passed","2026-09-01","Owner — Orders Tab","","",""
"The row action menu's Duplicate option opens the create form pre-filled with '<code>-COPY', and submitting it creates a second, independent coupon.","19935","TC-159: Duplicate pre-fills a new coupon form from an existing coupon","dashboard","2026-09-01","failed","2026-09-01","Owner — Coupons","","",""
"The subscription page shows a Plan Details section with the current plan and price — read-only assertions only, no mutation of the shared QA account's real billing state.","2318","TC-85: subscription page shows plan details","dashboard","2026-09-01","passed","2026-09-01","Owner — Subscription & Billing","","",""
"Admin navigates to Demo Management, searches by email, and verifies the row shows correct name, status NEW, and a creation timestamp.","3761","TC-04: admin can find the new demo request in Demo Management","dashboard","2026-09-01","passed","2026-09-01","Admin — Demo Management","","",""
"POST /api/order/:id/quote with the legacy checkout body template-wind sends. quote.deals[0] = {dealPrice 12, quantity 2, upcharge 0, lineTotal 24, savings 9}; dealsSubtotal 24 = subtotal. A tampered client dealPrice (0.01) changes nothing — server-authoritative pricing.","633","TC-337: /quote charges dealPrice × quantity (+ savings reported) and ignores the client's dealPrice","dashboard","2026-09-01","passed","2026-09-01","Owner — Deals API contract","","",""
"","2","TC-165: guest purchases a gift card as a Send-as-Gift preset denomination","customer","2026-09-01","skipped","2026-09-01","Customer — Gift Cards","","",""
"The picker grid returns the upserted RestaurantTable row with the check's live summary: remaining = full total before any leg, orderNumber = the DAILY number and receiptNumber = the permanent one (platform naming rule D10), tabOpenedAt, and the server's short name from the staff attribution.","535","TC-375: GET /api/tablet/tables lists the table with its open-check summary (remaining = total, daily + receipt numbers)","pos","2026-09-01","passed","2026-09-01","POS — Table Service Open Checks","","",""
"","3964","TC-44: owner can delete a menu item","dashboard","2026-09-01","skipped","2026-09-01","Owner — Menu Management > Category and item CRUD","","",""
"Chain: PATCH …/featured on a shared master item flips `featured` on every location's read (no 5-cap for chain master items); on a location-only item only its own location reads featured:true.","566","TC-281: featuring a shared chain item is chain-wide; a location-only item stays local","dashboard","2026-09-01","passed","2026-09-01","Owner — Menu API contract","","",""
"The owner turns ON pass-processing-fee for the restaurant (server-side). The template-wind checkout order summary then shows a server-authoritative 'Processing Fee' line and the quoted Total rises above the fee-OFF baseline. Proves the flag → /quote → customer display round-trip end-to-end. The fee is always restored to OFF in a finally (shared QA restaurant).","24158","TC-222: enabling the processing fee adds a Processing Fee line and raises the wind checkout total","customer","2026-09-01","failed","2026-09-01","Customer — Processing fee pass-through","","",""
"The frontend doesn't gate gift-card redemption on whether a coupon is already applied (or vice versa) — both discounts show simultaneously. This documents currently-supported behavior; it does not touch the separate canCombineWithCoupons config flag, which isn't enforced by either side today (see TEST_COVERAGE.md's Known Technical Debt).","559","TC-176: a coupon and a gift card can both be applied to the same order","customer","2026-09-01","failed","2026-09-01","Customer — Checkout gift card","","",""
"Typing a custom amount below the restaurant's configured minimum shows an inline error and does not advance to payment.","2203","TC-167: a custom amount below the minimum is rejected","customer","2026-09-01","passed","2026-09-01","Customer — Gift Cards","","",""
"POST /menu/item/new without a name field is rejected with a 4xx status, bypassing the UI.","158","TC-65: creating a menu item with no name is rejected","dashboard","2026-09-01","passed","2026-09-01","API — Negative cases","","",""
"1-2 parties → 60min and 3-6 parties → 90min both create (201). A 2-4 band overlaps the first (2) and the second (3,4) → 409 RESERVATION_TURN_TIME_OVERLAP. minPartySize > maxPartySize → 400 RESERVATION_TURN_TIME_RANGE_INVALID.","483","TC-403: turn-time bands — two non-overlapping bands create; an overlap and an inverted range both refuse","pos","2026-09-01","passed","2026-09-01","POS — Reservation Configuration (settings, periods, turn times, overrides, phone booking)","","",""
"The one true end-to-end cart path: open the item modal, click Add to Cart, open the cart via the floating View Cart button, and click through to /checkout. Every other checkout test seeds the cart via sessionStorage for speed — this test is the safety net that the real add-to-cart wiring (and the cart storage schema seedCart mimics) actually works.","5244","TC-99: customer can add an item to the cart and reach checkout through the real UI flow","customer","2026-09-01","passed","2026-09-01","Customer — Menu Browsing","","",""
"","1","TC-290: Restore All to Available appears only with out-of-stock items and restores the whole category","dashboard","2026-09-01","skipped","2026-09-01","Owner — Menu tab (availability / featured)","","",""
"POST /api/admin/chains/:gid/restaurants/:rid/link {menu:'keep'} on a throwaway store that has its own menu: the owner's /api/chains/owned shows locationCount 3; the store's merged menu carries the chain's shared categories PLUS its own item (source RESTAURANT), which no other location sees; POST …/unlink (never went live → allowed) → 200 {dissolved:false}, chain back to 2 locations.","1282","TC-323: admin links an existing store (menu kept) — its own items interleave at that location only — and unlinks it","dashboard","2026-09-01","passed","2026-09-01","Admin — Chains","","",""
"","1850","TC-L31: opening an item shows Add to Cart @smoke","customer-lima","2026-09-01","passed","2026-09-01","Lima — menu and cart","","",""
"Applying a code that doesn't exist shows an error and no discount is applied.","17167","TC-173: an invalid gift card code is rejected","customer","2026-09-01","failed","2026-09-01","Customer — Checkout gift card","","",""
"","0","TC-259b: [expected once a state machine lands] backwards status moves are rejected with 409","dashboard","2026-09-01","skipped","2026-09-01","Owner — Orders API contract","","",""
"Three $10 legs on a $30 check. Replaying leg 2's idempotencyKey answers the ORIGINAL OrderPayment row (replayed:true, same leg id, remaining unchanged — no double drawer entry). The final leg flips closed:true; replaying ITS key after close still answers idempotently, while a genuinely NEW leg on the closed check is a 400.","805","TC-379: even 3-way split — replaying a leg's idempotencyKey returns the SAME leg, close is exact, and a post-close leg is refused","pos","2026-09-01","passed","2026-09-01","POS — Table Service Open Checks","","",""
"","2122","TC-L21: a reload stays inside the tenant @smoke","customer-lima","2026-09-01","passed","2026-09-01","Lima — basename routing","","",""
"","1","TC-183: every day defaults to Closed, and Open/24 Hours toggle the time pickers correctly","dashboard","2026-09-01","skipped","2026-09-01","Employee — Business Hours","","",""
"Clicking 'Restaurant Dashboard' on the success page navigates to /restaurant/restaurantId/<id>/restaurantManagement.","2936","TC-52: clicking Restaurant Dashboard redirects to restaurant management","dashboard","2026-09-01","passed","2026-09-01","Owner — Payment Settings (Stripe Setup) > Success callback page","","",""
"Opening an order's detail dialog renders the line-items section and the money summary (Order Details + Order Total), not just the header block TC-90 asserted. Uses the beforeAll-seeded order.","4044","TC-134: the order detail dialog shows line items and the order total","dashboard","2026-09-01","passed","2026-09-01","Owner — Orders Tab","","",""
"","3936","TC-102: invalid email shows an error and sends no request","dashboard","2026-09-01","passed","2026-09-01","Admin — User Management > Invite dialog","","",""
"QA email is fully sandboxed (every send lands in the shared Mailpit inbox, never a real customer), so the enabled run-now path is exercised for real: cap the daily pace to 1, enable Win-Back, run it, and — when candidates exist — verify the send row flips SENT and the email arrives in Mailpit. State (enabled flag + caps) is restored afterwards.","5052","TC-210: run-now on an enabled automation queues sends and delivers to the sandbox inbox","dashboard","2026-09-01","passed","2026-09-01","Admin — Marketing automations","","",""
"","274","TC-76: changing a user's role to an unknown value is rejected","dashboard","2026-09-01","passed","2026-09-01","Admin — User Management > Settings tab — negative","","",""
"With TABLE_RESERVATIONS granted but onlineBookingEnabled:false, public create → 403 RESERVATIONS_NOT_ENABLED (the SAME code the entitlement-missing case uses — a satellite client hides the booking widget on one code regardless of which half of the gate failed). Restored ON in `finally`.","295","TC-425: the public gate — flipping onlineBookingEnabled off refuses create, restored in finally","pos","2026-09-01","passed","2026-09-01","POS — Waitlist & Public Reservation Booking","","",""
"","2482","TC-437: edit panel — select the placed table on a fresh load, change capacity + bookable, Save details; API confirms","dashboard","2026-09-01","passed","2026-09-01","Owner — Tables & Floor","","",""
"?tab=marketing-automations shows the Automated Marketing section, the master switch, and one row per program from the settings API.","3384","TC-206: the deep link renders the section with every program row","dashboard","2026-09-01","passed","2026-09-01","Owner — Automated Marketing","","",""
"POST/PATCH /api/tablet/tables require MANAGE_TABLES. A STAFF-role session (HOST_MANAGE_RESERVATIONS only) gets 403 AUTH_FORBIDDEN; the MANAGER session creates and renames a table, and it shows up in the floor payload.","530","TC-393: POS table CRUD capability split — STAFF forbidden, MANAGER creates/renames","pos","2026-09-01","passed","2026-09-01","POS — Table Management (floor, tables, sections, combinations)","","",""
"POST .../reservations/:id/notify on a BOOKED waitlist entry → 200, status NOTIFIED, notifyExpiresAt set (now + waitlistNotifyTimeoutMinutes). Delivery is NOT asserted — QA SMS is log-only by design.","258","TC-419: notify flips a BOOKED waitlist entry to NOTIFIED with an expiry stamped","pos","2026-09-01","passed","2026-09-01","POS — Waitlist & Public Reservation Booking","","",""
"balance → 200 + INACTIVE (so 'minted but unloaded' is distinguishable from a 404 typo); validate → valid:false with the not-activated wording; a random well-formed code → 404.","212","TC-471: to the public, a stock card is a real card with nothing on it — not an unknown code","dashboard","2026-09-01","failed","2026-09-01","Admin — Physical gift card batches","","",""
"A negative graceMinutes (outside its [0,120] clamp) → 400 RESERVATION_SETTINGS_INVALID_RANGE — every field is refused outside its range, never silently clamped.","202","TC-398: settings validation — an out-of-range value is refused, not clamped","pos","2026-09-01","passed","2026-09-01","POS — Reservation Configuration (settings, periods, turn times, overrides, phone booking)","","",""
"PUT /api/deals/:id writes only the keys present. Renaming keeps items and prices; sending `items` deletes and recreates every DealItem row (ids CHANGE — clients holding dealItemId must refetch) and recomputes originalPrice/savings; a dealPrice-only patch reprices against the existing slots.","1073","TC-328: GET /:dealId 404 for unknown; PUT is a patch (name-only keeps the slots; new items re-create the slots and reprice)","dashboard","2026-09-01","passed","2026-09-01","Owner — Deals API contract","","",""
"Chain: PATCH …/carried {restaurantId:A, isCarried:false} → owner read for A still lists the item with isCarried:false (so it can be restored), the CUSTOMER read for A omits it, and B still sells it; isCarried:true restores.","663","TC-277: un-carrying a shared item hides it from that location's storefront only","dashboard","2026-09-01","passed","2026-09-01","Owner — Menu API contract","","",""
"Submitting a coupon with a discount value outside 1-100 shows a validation error and does not create the coupon.","3033","TC-63: an invalid discount percentage is rejected","dashboard","2026-09-01","passed","2026-09-01","Owner — Coupons","","",""
"Selecting Fixed Amount as the discount type and a positive dollar value creates the coupon.","4205","TC-145: owner can create a FIXED_AMOUNT coupon","dashboard","2026-09-01","passed","2026-09-01","Owner — Coupons","","",""
"","1346","TC-L30: the menu renders the seed item @smoke","customer-lima","2026-09-01","passed","2026-09-01","Lima — menu and cart","","",""
"","5393","TC-435: create a section and two tables through the UI forms; the list groups them under the section","dashboard","2026-09-01","passed","2026-09-01","Owner — Tables & Floor","","",""
"adminNotes and placedByAdminId are internal. The owner's list and page must never carry them.","2054","TC-455: an order the admin placed on the owner's behalf shows up in My orders without its internal notes","dashboard","2026-09-01","passed","2026-09-01","Owner — Print Shop (supply shop)","","",""
"After a create-order links a reservation to check #1, a SECOND create-order for the same reservationId → 409 RESERVATION_CONFLICT (Reservation.orderId is @unique).","527","TC-408: double-link 409 — a second create-order against the same reservationId is refused","pos","2026-09-01","passed","2026-09-01","POS — Reservation Lifecycle (tablet host stand)","","",""
"With status + type set the Filters button badge reads '2'; Reset returns to no badge; setting only a status shows '1'.","8882","TC-236: the Filters button shows an active-filter count and Reset clears it","dashboard","2026-09-01","passed","2026-09-01","Owner — Orders Tab","","",""
"Filling password/confirmPassword with different values shows an inline 'Passwords must match' error on blur (client-side validation; submit is never attempted here).","2543","TC-95: a mismatched confirm-password blocks submission","dashboard","2026-09-01","passed","2026-09-01","Public — Sign up","","",""
"At A's builder, 'New Category' shows the radio 'Who is this category for?' — 'Just this store' (default) → chip 'Only at this location' and the category is absent from B; a second one with 'All my stores (shared across 2)' → fan-out confirm 'Heads up — chain-wide change … all 2 locations' → Continue → chip 'Shared · all 2 locations' and present at B / chain shell.","5849","TC-315: New Category at a location offers 'Just this store' vs 'All my stores' scope","dashboard","2026-09-01","passed","2026-09-01","Owner — Chain menu (per-location overrides, shared vs local)","","",""
"POST /api/coupons/restaurant/:id without the required `code` field is rejected with a 4xx status.","166","TC-66: creating a coupon with no code is rejected","dashboard","2026-09-01","passed","2026-09-01","API — Negative cases","","",""
"A tab with ANY SUCCEEDED leg is real collected money: POST /api/tablet/cancel-order → 400 (reversal is a refund, never a cancel). A fresh check with no settled legs cancels cleanly and disappears from the tables summary (open-check is DERIVED: status CANCELLED excludes it).","1011","TC-383: cancel guard — a check with a settled leg refuses cancel (refund path only); a fresh check cancels and leaves the grid","pos","2026-09-01","passed","2026-09-01","POS — Table Service Open Checks","","",""
"","319","TC-483: cancel from IN_DESIGN is free and final — a second cancel is refused","dashboard","2026-09-01","passed","2026-09-01","Owner — Supply shop API contract","","",""
"","4246","TC-352: search filters by name and description; no match → 'No deals found' + 'Create Your First Deal'; Refresh re-fetches","dashboard","2026-09-01","passed","2026-09-01","Owner — Deals","","",""
"Win-Back, Welcome, and VIP rows render with the explainer banner, the global caps fields, and the pace helper text (nobody-is-skipped copy).","4783","TC-201: automations tab lists the three seeded programs with intro and caps","dashboard","2026-09-01","passed","2026-09-01","Admin — Marketing automations","","",""
"The proof is a look, not a gate — fulfil is offered from PROOF_READY. Final total recomputes live; outside [$207.00, $258.75] a warning appears (warn-only, never blocked); the margin line reads revenue − cost. Nothing is submitted.","18186","TC-459: the Fulfil dialog prefills the anchor price, shows the range the owner saw, and warns when the final price leaves it","dashboard","2026-09-01","failed","2026-09-01","Admin — Supply shop","","",""
"Permissions are discovered at runtime: the test grants whatever the Add dialog currently offers, never a hardcoded permission name.","5452","TC-118: admin can add then remove a user-specific permission","dashboard","2026-09-01","passed","2026-09-01","Admin — User Management > Permissions tab","","",""
"A card minted for the printer but never loaded at a register has status INACTIVE and a zero balance. Applying its code at checkout shows the rejection and applies nothing — the opposite of TC-171's funded card.","17248","TC-477: an unloaded (INACTIVE) physical card is refused at checkout","customer","2026-09-01","failed","2026-09-01","Customer — Checkout physical gift card stock","","",""
"","11918","TC-454: cancelling from 'Awaiting payment' lands in Cancelled and nothing was ever charged","dashboard","2026-09-01","failed","2026-09-01","Owner — Print Shop (supply shop)","","",""
"","8252","TC-436: floor editor — place T1 from the Unplaced tray onto the canvas, Save layout, reload → still placed","dashboard","2026-09-01","passed","2026-09-01","Owner — Tables & Floor","","",""
"After partially filling the create form, Reset Form clears the code and description fields.","3766","TC-164: Reset Form clears the create-coupon form back to defaults","dashboard","2026-09-01","passed","2026-09-01","Owner — Coupons","","",""
"Delete opens a typed-word confirmation dialog; confirming removes the coupon from both the table and the API.","4829","TC-160: owner can delete a coupon via the typed-confirmation dialog","dashboard","2026-09-01","passed","2026-09-01","Owner — Coupons","","",""
"The Orders DataGrid renders a real column set (Status is in view, plus several more) — not just a search bar (TC-29 only checked the search UI). Far-right columns (Payment, Subtotal) are column-virtualized out of the DOM at the default viewport, so we assert the in-view Status header plus a minimum header count rather than every label.","3708","TC-131: the orders grid shows the key column headers","dashboard","2026-09-01","passed","2026-09-01","Owner — Orders Tab","","",""
"","1","TC-177: a gift card that fully covers the order completes without a Stripe step","customer","2026-09-01","skipped","2026-09-01","Customer — Checkout gift card","","",""
"Sending the pre-filled follow-up email flips demo status NEW -> CONTACTED and delivers a real email through the Mailpit sandbox (verified via waitForEmail, gated on MAILPIT_BASE_URL).","28628","TC-08: admin can send a follow-up email","dashboard","2026-09-01","failed","2026-09-01","Admin — Demo Request Actions","","",""
"Location A's Menu tab: header 'Managing: A • part of your chain' + 'Switch to chain view (2 locations)'; banner 'You're editing A. Shared items come from the chain menu…'; summary 'N shared (chain) · N only this location'; the shared item is chipped 'From shared menu' and has $ + carry icons, the local item is chipped 'This location only' and has neither. The builder's scope bar reads 'Editing menu for:' with 'Switch to all 2 locations' → the chain shell Menu tab.","5334","TC-308: a chain member's Menu tab shows the location banner, split summary and per-item source chips","dashboard","2026-09-01","passed","2026-09-01","Owner — Chain menu (per-location overrides, shared vs local)","","",""
"","3553","TC-443: turn-time band form + overlap attempt — a new band saves, a colliding one is refused with the server's 409 message verbatim","dashboard","2026-09-01","passed","2026-09-01","Owner — Reservations","","",""
"Owner clicks New Category, types a name, saves it, and verifies the new category tab appears.","6327","TC-20: owner can create a new menu category","dashboard","2026-09-01","passed","2026-09-01","Owner — Menu Management > Category and item CRUD","","",""
"","2616","TC-456: a freshly placed order sits in the Design queue with its estimate, brief pack and an Upload artwork button","dashboard","2026-09-01","passed","2026-09-01","Admin — Supply shop","","",""
"","3114","TC-L43: an invalid gift card is rejected","customer-lima","2026-09-01","skipped","2026-09-01","Lima — checkout and payment","","",""
"","4369","TC-116: admin can deactivate then reactivate a user","dashboard","2026-09-01","passed","2026-09-01","Admin — User Management > Settings tab","","",""
"","234","TC-474: unfreezing a stock card restores INACTIVE — never ACTIVE, which would make it redeemable with no balance","dashboard","2026-09-01","failed","2026-09-01","Admin — Physical gift card batches","","",""
"At A: $ icon ('Using shared price…') → dialog 'Pricing for ""<item>"" at this location' → Base price 14 → row chip 'Overridden' → Save → PATCH …/location-pricing {basePriceOverride:14} → toast, icon now 'Location price: $14', chip '1 location has a different price'; B's tab and API still show 12; reopen → 'Reset to shared price' → Save → back to shared.","9840","TC-310: per-location price via the $ dialog changes A only and can be reset to shared","dashboard","2026-09-01","passed","2026-09-01","Owner — Chain menu (per-location overrides, shared vs local)","","",""
"A SECOND throwaway restaurant that never receives TABLE_RESERVATIONS: GET reservation-settings and POST a service period both → 403 RESERVATIONS_NOT_ENABLED. The file's main tenant (granted in beforeAll) is left untouched by this test.","806","TC-396: everything 403 before the entitlement — settings GET and service-period POST both refuse","pos","2026-09-01","passed","2026-09-01","POS — Reservation Configuration (settings, periods, turn times, overrides, phone booking)","","",""
"Typing a coupon's code into the search box narrows the table to matching rows.","4061","TC-153: Manage Coupons search filters by code","dashboard","2026-09-01","passed","2026-09-01","Owner — Coupons","","",""
"Clicking the date-range button opens the picker popover exposing the Quick Select presets (Last 7 days / Last 30 days), so owners can change the reporting window.","13903","TC-128: the date-range picker opens with quick-select presets","dashboard","2026-09-01","failed","2026-09-01","Owner — Analytics Tab","","",""
"TC-132 proved the request fires; this proves the ROWS are right. Search by the seed surname (so the result set is exactly our three rows) then filter Pending → the response carries status=PENDING and contains only order A (PENDING) — B (CONFIRMED) and C (CANCELLED) are gone.","5498","TC-234: the Order Status filter returns only orders in that status","dashboard","2026-09-01","passed","2026-09-01","Owner — Orders Tab","","",""
"The Events sub-tab opens on the Upcoming filter; switching to Past never shows Upcoming-status rows (expired events no longer pollute the default view).","3878","TC-198: events list defaults to Upcoming and Past shows only finished events","dashboard","2026-09-01","passed","2026-09-01","Admin — Marketing campaign events","","",""
"Applying a freshly purchased, fully-funded gift card at checkout shows the 'Gift card applied' discount summary in the Gift Card box.","558","TC-171: a valid gift card applied at checkout shows the discount","customer","2026-09-01","failed","2026-09-01","Customer — Checkout gift card","","",""
"PATCH /menu/menu-items/:id/availability {outOfStock} flips the master flag for a standalone restaurant's item (visible on the public read); a body without outOfStock is a 400.","420","TC-268: availability toggle writes MenuItem.outOfStock on a standalone item and requires the flag @smoke","dashboard","2026-09-01","passed","2026-09-01","Owner — Menu API contract","","",""
"","18581","TC-L41: a declined card shows an error and places no order","customer-lima","2026-09-01","failed","2026-09-01","Lima — checkout and payment","","",""
"Card 'Clone Item' (data-testid menu-item-clone) → wizard at ?cloneFrom=<id> prefilled with '<name> (Copy)' and the source price → rename → save → two cards exist and the clone has its own id.","9706","TC-299: Clone Item opens a prefilled wizard and saves a second, independent item","dashboard","2026-09-01","passed","2026-09-01","Owner — Menu builder, item wizard & item detail","","",""
"Confirming the delete dialog actually removes the row, verified via the DELETE response and a re-search. Uses its own throwaway seeded demo request (separate even from this file's main seeded row) so the delete doesn't disrupt the other tests.","3660","TC-98: admin can permanently delete a demo request","dashboard","2026-09-01","passed","2026-09-01","Admin — Demo Request Actions","","",""
"The entitled throwaway owner reaches both tabs via the sidebar's Store Operations flyout (hover + click, same pattern as the Deals/Coupons flyouts). A SECOND, unentitled throwaway tenant never sees either nav item at all — STORE_OPERATIONS itself (the flyout section) is starter-floor and still renders, just without the two gated rows.","8941","TC-434: nav + gating — Tables & Floor and Reservations both reachable via the Store Operations flyout; an unentitled tenant sees neither","dashboard","2026-09-01","passed","2026-09-01","Owner — Tables & Floor","","",""
"All /api/order/statistics/* routes sit behind requireAuth — with no Authorization header every read AND mutating route answers 401 before touching any data.","154","TC-230: every order-statistics route rejects a missing bearer token with 401","dashboard","2026-09-01","passed","2026-09-01","Owner — Orders API auth & tenant isolation","","",""
"Create an org coupon + recurring event via API, renew twice. Both calls must succeed — the second reuses/repairs the existing next-year coupon instead of failing with 'coupon already exists' (the original bug).","1552","TC-200: renewing an event coupon is idempotent (second renew succeeds as reuse)","dashboard","2026-09-01","passed","2026-09-01","Admin — Marketing campaign events","","",""
"Clicking Filters actually opens the Filter Orders panel, not just a visible-but-inert button (TC-29 only asserted visibility, never exercised the click).","4279","TC-89: the Filters button opens the filter panel","dashboard","2026-09-01","passed","2026-09-01","Owner — Orders Tab","","",""
"","4033","TC-438: 'Merge into…' — an API-seeded junk table merges into T2 through the UI; list + API confirm","dashboard","2026-09-01","passed","2026-09-01","Owner — Tables & Floor","","",""
"","655","TC-341: bulk create — [] is 400; two deals → 201 with counts; aiGenerated:false honoured (RestauNax #618)","dashboard","2026-09-01","passed","2026-09-01","Owner — Deals API contract","","",""
"Owner creates an empty category, then deletes it and verifies it no longer appears in the category tabs.","6705","TC-45: owner can delete a menu category","dashboard","2026-09-01","passed","2026-09-01","Owner — Menu Management > Category and item CRUD","","",""
"The product rule is at most 10 active deals; since #618 the create path enforces it too (it used to only guard PATCH /status). Clean tenant → 10 ACTIVE → POST an 11th → 400 MAX_ACTIVE_DEALS_REACHED.","1808","TC-334: creating an 11th ACTIVE deal at the cap is refused (RestauNax #618)","dashboard","2026-09-01","passed","2026-09-01","Owner — Deals API contract > MAX_ACTIVE_DEALS","","",""
"Flipping the master switch persists Restaurant.lifecycleMarketingOptOut (verified via API); the test restores the original state.","3338","TC-207: the master switch pauses and resumes all automated marketing","dashboard","2026-09-01","passed","2026-09-01","Owner — Automated Marketing","","",""
"The row action menu's Send to Customers item is disabled once a coupon's computed status is Expired (only enabled while ACTIVE).","4399","TC-163: Send to Customers is disabled for an expired coupon","dashboard","2026-09-01","passed","2026-09-01","Owner — Coupons","","",""
"With a deal in the cart, attempting to apply any coupon code is blocked client-side with 'Cannot combine coupons with deals' — the check fires before validation, so no seeded coupon is needed.","3025","TC-197: a coupon cannot be combined with a deal in the cart","customer","2026-09-01","passed","2026-09-01","Customer — Deals","","",""
"An export of nothing is a 400 on the backend, so the toolbar disables the Export button while totalCount is 0 and re-enables it once rows are back.","4046","TC-249: Export is disabled when the current view has no orders","dashboard","2026-09-01","passed","2026-09-01","Owner — Orders Tab","","",""
"","0","TC-180: a user can view/set their POS PIN","dashboard","2026-09-01","skipped","2026-09-01","Staff — Portal","","",""
"At A: switch OFF the shared item → 'Mark sold out' → PATCH …/availability {outOfStock:true, restaurantId:A} → A reads Out of Stock; B's tab still shows Available and B's API row outOfStock:false; switch ON at A restores.","8549","TC-311: 86 at one location leaves the other location available","dashboard","2026-09-01","passed","2026-09-01","Owner — Chain menu (per-location overrides, shared vs local)","","",""
"","1","TC-166: guest purchases a gift card with a custom amount","customer","2026-09-01","skipped","2026-09-01","Customer — Gift Cards","","",""
"","4266","TC-101: admin can invite a new user","dashboard","2026-09-01","passed","2026-09-01","Admin — User Management > Invite dialog","","",""
"The admin Chains tab loads a DataGrid with its default-visible columns — read-only, no seed data assumed since chains aren't part of the shared QA seed.","2925","TC-181: admin can navigate to Chain Management and see the chains grid","dashboard","2026-09-01","passed","2026-09-01","Admin — Chains","","",""
"","849","TC-333: public /validate — required-field, not-found and wrong-restaurant branches; valid, inactive and unfilled-slot verdicts","dashboard","2026-09-01","passed","2026-09-01","Owner — Deals API contract","","",""
"","179","TC-466: fulfilling an order twice mints nothing twice — one batch per order","dashboard","2026-09-01","failed","2026-09-01","Admin — Supply shop","","",""
"DELETE /menu/menuItemId/:id sets isActive=false (row survives, GET /menu/itemId still 200); DELETE …/permanent with an owner token → 403; with an admin token → 200 and the item is gone.","358","TC-271: item delete is a soft delete; the permanent route is admin-only","dashboard","2026-09-01","passed","2026-09-01","Owner — Menu API contract","","",""
"","3983","TC-360: the form validates on submit and shows the live math (original price, savings, preview chip, ≥90% warning); duplicate items are refused; submit is disabled below 2 items","dashboard","2026-09-01","passed","2026-09-01","Owner — Deals","","",""
"Two proofs. (1) API delta, timezone-proof: with a yesterday→tomorrow window, seeding two pickup orders raises Total Orders and Pickup count by ≥2 and Net Sales by ≥ 2 × item price (≥ because concurrent spec files also seed). (2) UI: the four cards render exactly the values the stats endpoint returned, 'Update Stats' re-fires it, and picking the 'Today' preset re-fires it with browser-local start=end=today.","4813","TC-250: the header stat cards reflect the stats API and move when orders are seeded","dashboard","2026-09-01","passed","2026-09-01","Owner — Orders Tab","","",""
"Filling the coupon code, discount value, start and end dates and clicking Create Coupon shows a success toast.","4211","TC-31: owner can fill and submit a new coupon","dashboard","2026-09-01","passed","2026-09-01","Owner — Coupons","","",""
"GET /api/tablet/host?date=: a scheduled RESERVATION carries a derived graceDeadline (scheduledAt + graceMinutes) and guest fields plus internalNotes (staff surface); a WAITLIST entry (kind default) has no scheduledAt/graceDeadline at all.","375","TC-413: host list shape — reservation + waitlist entries carry the fields the host stand needs","pos","2026-09-01","passed","2026-09-01","POS — Reservation Lifecycle (tablet host stand)","","",""
"Selecting the 'Customer Groups' sub-tab renders the Customer Segments view with its segment cards (e.g. VIP) from GET /api/customers/restaurant/:id/segments.","4243","TC-138: owner can switch to the Customer Groups (segments) sub-tab","dashboard","2026-09-01","passed","2026-09-01","Owner — Customers Tab","","",""
"DELETE /menu/group/:id → 400 'Cannot delete a menu category that still has items' while any item is present; an empty category deletes with 200.","314","TC-273: a category with items cannot be deleted; an empty one can","dashboard","2026-09-01","passed","2026-09-01","Owner — Menu API contract","","",""
"Owner sets Base price 14 for the shared item at location A via the $ dialog. Storefront ?restaurantId=A shows $14.00 on the card while ?restaurantId=B still shows $12.00; the public POST /api/order/:id/quote (what checkout charges) returns subtotal 14 at A and 12 at B — the 'shown $14, charged $12' defect class. (Fixture locations aren't published, so the storefront modal/cart is inert there; the charge is asserted on the quote endpoint checkout itself calls.) Override cleared afterwards.","6086","TC-321: a per-location price override is what the customer sees AND what the server quotes — at that location only","customer","2026-09-01","passed","2026-09-01","Menu → Storefront hand-off","","",""
"","3822","TC-458: Upload artwork → preflight passes → 'Send to restaurant' → PROOF_READY, 'With owner' in Fulfilment","dashboard","2026-09-01","passed","2026-09-01","Admin — Supply shop","","",""
"","43","TC-27: owner can reach the publish page and see the Publish Restaurant button","dashboard","2026-09-01","skipped","2026-09-01","Owner — Publish Restaurant","","",""
"Setting an End Date earlier than the Start Date shows 'End date must be after start date' and does not create the coupon.","3740","TC-149: an end date before the start date is rejected","dashboard","2026-09-01","passed","2026-09-01","Owner — Coupons","","",""
"CANCELLED is not in LINKABLE_RESERVATION_STATUSES (BOOKED/NOTIFIED/ARRIVED/PARTIALLY_SEATED/SEATED) — create-order against a cancelled reservationId → 400 RESERVATION_NOT_LINKABLE.","358","TC-409: not-linkable 400 — a cancelled reservation refuses create-order's link","pos","2026-09-01","passed","2026-09-01","POS — Reservation Lifecycle (tablet host stand)","","",""
"Admin PUT {dualPricingMenuAttested:true} stamps dualPricingMenuAttestedAt; an owner PUT {dualPricingSignageAttested:true} is stripped (stays null); a raw timestamp key is ignored even from the admin; admin PUT {dualPricingMenuAttested:false} clears it.","282","TC-497: compliance attestations are admin-stamped booleans; owners cannot assert them; raw timestamps are ignored","pos","2026-09-01","passed","2026-09-01","POS — Dual pricing v2 (per-item cash tier)","","",""
"","6","TC-301: item detail Upload / Remove Image round-trip","dashboard","2026-09-01","skipped","2026-09-01","Owner — Menu builder, item wizard & item detail","","",""
"","2909","TC-12: Proceed to Onboarding navigates to restaurant setup","dashboard","2026-09-01","passed","2026-09-01","Admin — Demo Request Actions","","",""
"Owner expands the Deals flyout section in the sidebar and clicks Manage Deals, landing on ?tab=deals with the Manage Deals heading visible.","17954","TC-86: owner can reach the Manage Deals tab","dashboard","2026-09-01","failed","2026-09-01","Owner — Deals","","",""
"","18128","TC-461: 'Place order for a restaurant' (charge) creates the owner's order with an admin-named design and no leaked notes","dashboard","2026-09-01","failed","2026-09-01","Admin — Supply shop","","",""
"","1","TC-02: receive confirmation email after demo request submission","dashboard","2026-09-01","skipped","2026-09-01","Demo Request — Public Form","","",""
"","6860","TC-469: 'Mint a batch' creates INACTIVE stock — 5 cards, 5 in stock, none sold","dashboard","2026-09-01","passed","2026-09-01","Admin — Physical gift card batches","","",""
"Add-item wizard, Basic Information: 1-char name → 'at least 2 characters'; price 0 → 'at least $0.01' (the QA build says 'Price must be positive' — both accepted); price 10000 → 'cannot exceed $9,999.99'; 501-char description → 'cannot exceed 500 characters'; Next stays disabled while any error is present and enables once all fields are valid.","3705","TC-295: wizard step 0 enforces name length, price bounds and description length","dashboard","2026-09-01","passed","2026-09-01","Owner — Menu builder, item wizard & item detail","","",""
"The pre-production ritual in one pass: an owner phone booking (201, confirmationCode) → tablet `arrive` → `seat {tableIds}` (prefill carries tableId/tableName/guestCount/reservationId) → floor shows the table SEATED → create-order links the check (reservation stays SEATED, floor flips to OCCUPIED — precedence order) → open the register → settle in full cash → order COMPLETED, reservation COMPLETED (maybeCloseTab's atomic reservation-complete side effect), and the floor returns to AVAILABLE.","1235","TC-406: the full arc — book, arrive, seat, link, settle in cash, and the reservation completes @smoke","pos","2026-09-01","passed","2026-09-01","POS — Reservation Lifecycle (tablet host stand)","","",""
"Open a check on table A (explicit tableId), merge A into B — A's order is repointed onto B (Order.tableId updates) and, once nothing else references A, A is hard-deleted (gone) rather than merely deactivated; B keeps the live open-check count.","617","TC-388: merge repoints the open check and cleans up the source table","pos","2026-09-01","passed","2026-09-01","POS — Table Management (floor, tables, sections, combinations)","","",""
"Changing the delivery order standard prep time and clicking Save changes PUTs the update and shows a success toast. The test restores the original value afterward so it doesn't leave the shared QA restaurant's data mutated.","2971","TC-88: owner can edit and save a Store Settings field","dashboard","2026-09-01","passed","2026-09-01","Owner — Restaurant Management Portal","","",""
"Win-Back's dialog shows its inactivity threshold, the email template is view-only (disabled input — content can never mismatch the program), and a cooldown change round-trips through save + reload.","5323","TC-202: edit dialog shows per-type fields, locks the template, and persists a change","dashboard","2026-09-01","passed","2026-09-01","Admin — Marketing automations","","",""
"","6","TC-302: Delete on the detail page soft-deletes — card badged, hidden from the menu read, detail shows the inactive banner","dashboard","2026-09-01","skipped","2026-09-01","Owner — Menu builder, item wizard & item detail","","",""
"","4","TC-58: employee can reach menu management","dashboard","2026-09-01","skipped","2026-09-01","Access — Restaurant management (shared screens)","","",""
"POST /api/coupons/restaurant/:id with a negative `value` is rejected with a 4xx status.","150","TC-68: creating a coupon with a negative discount value is rejected","dashboard","2026-09-01","passed","2026-09-01","API — Negative cases","","",""
"","410","TC-350: a second owner cannot create a deal on our restaurant nor delete ours (RestauNax #618)","dashboard","2026-09-01","passed","2026-09-01","Owner — Deals API contract > authorization — another owner (the seed OWNER) against this tenant's deals","","",""
"/chain/:gid/restaurantManagement?tab=deals renders the seeded chain deal row (name, 2 items, $12.00 / $15.00, 20% off, 'Chain' scope chip), the caption 'across 2 chain locations' and the chain-only 'View Analytics' button, which opens Deal Analytics fed by /api/chains/:gid/deal-stats. Location A's shell shows the Deals sidebar entry disabled and ?tab=deals renders 'Managed at chain level'; its owner list (GET /api/deals/restaurant/A) does not contain the chain deal, while public /active at A and B does.","5360","TC-365: the chain shell lists chain deals with the Chain chip, rollup caption and View Analytics; a member's own Deals section is managed at chain level","dashboard","2026-09-01","passed","2026-09-01","Owner — Chain deals","","",""
"POST create-order {openCheck:true, tableName, guestCount} → 201. The backend forces orderType DINE_IN, status CONFIRMED (staff placing the order IS the acknowledgment — never PENDING), paymentStatus PENDING, and stamps tableId/tableNumber/guestCount/tabOpenedAt. The create response's orderNumber is the PERMANENT receipt number (legacy tablet wire name); dailyOrderNumber is the daily call number.","624","TC-373: opening a check births a DINE_IN CONFIRMED unpaid order with the table fields stamped","pos","2026-09-01","passed","2026-09-01","POS — Table Service Open Checks","","",""
"Submitting an Item Discount coupon without picking a menu item is blocked and no coupon is created. Note: the app's own validateForm() has a menuItemId-required rule with a custom message, but it never gets a chance to run here — MUI's Select renders a hidden input[name=menuItemId][required] for native HTML5 form validation, and the browser's native 'Please fill out this field' constraint-validation UI intercepts the submit event before React's onSubmit fires (confirmed live: no POST /api/coupons request is ever sent).","3426","TC-147: FIXED_ITEM without a menu item selection is rejected","dashboard","2026-09-01","passed","2026-09-01","Owner — Coupons","","",""
"Chain: POST /menu/item/new {groupId: sharedCategory, ownerRestaurantId: A} → A lists it with source:'RESTAURANT', B does not; ownerRestaurantId of a restaurant outside the chain → 400 'does not belong to the chain'.","388","TC-279: a location-only item under a shared category is invisible to the other location","dashboard","2026-09-01","passed","2026-09-01","Owner — Menu API contract","","",""
"","857","TC-339: /quote rejects a deal from another restaurant and an INACTIVE deal with the customer-facing messages","dashboard","2026-09-01","passed","2026-09-01","Owner — Deals API contract","","",""
"","3193","TC-54: OWNER is denied the publish route (EMPLOYEE/ADMIN only)","dashboard","2026-09-01","passed","2026-09-01","Access — Role restrictions","","",""
"Clicking Analytics in the portal sidebar loads the Restaurant Analytics dashboard: title, refresh control, and the date-range selector are all present.","12660","TC-35: owner can open the Analytics tab and see the dashboard header","dashboard","2026-09-01","failed","2026-09-01","Owner — Analytics Tab","","",""
"Pre-authenticated owner navigates to /restaurant/stores and verifies the page heading.","2110","TC-13: owner can reach /restaurant/stores and see the My Restaurants heading @smoke","dashboard","2026-09-01","passed","2026-09-01","Owner — My Restaurants List","","",""
"COUPON_RULES_AND_FREE_DELIVERY.md: 'a coupon and a deal cannot both apply to one order … the engine never prices both'. #619 (product decision: option A) makes the engine enforce it for every client (not just template-wind): /quote with a deal + a % coupon returns couponDiscount 0 and a coupon_deal_exclusive ERROR issue.","757","TC-343: the pricing engine enforces Coupon ⊥ deal — a coupon on an order with a deal is priced at 0 (RestauNax #619)","dashboard","2026-09-01","passed","2026-09-01","Owner — Deals API contract","","",""
"At A: $ dialog → set Base price 13 and Large 18 → two 'Overridden' chips → Save → PATCH body carries basePriceOverride + a modifierOverrides row; A's API read resolves Large=18 (masterPrice 15) and B is untouched; reopen → '%' quick-adjust 10 + Apply previews values relative to the SHARED prices (13.20 / 16.50 — asserted on the inputs, not saved) → per-row 'Reset to shared price' ×2 → Save → both back to shared.","6361","TC-318: the $ dialog overrides a size price per location; row resets clear them","dashboard","2026-09-01","passed","2026-09-01","Owner — Chain menu (per-location overrides, shared vs local)","","",""
"","3077","TC-09: admin sees delete confirmation and can cancel","dashboard","2026-09-01","passed","2026-09-01","Admin — Demo Request Actions","","",""
"","3200","TC-363: Deal Analytics renders the metric cards and summaries from GET /stats and lists top deals (or the no-usage empty state)","dashboard","2026-09-01","passed","2026-09-01","Owner — Deals","","",""
"","8","TC-303: Delete is blocked with a 'Cannot Delete This Item' dialog while an active deal uses the item","dashboard","2026-09-01","skipped","2026-09-01","Owner — Menu builder, item wizard & item detail","","",""
"","3989","TC-117: admin can send a password reset email","dashboard","2026-09-01","passed","2026-09-01","Admin — User Management > Settings tab","","",""
"Store Operations → Daily Report opens the current business day's live report: the 'At a Glance' comparison KPIs (Net Sales / Orders) render with no load error. Seeded orders in beforeAll guarantee the day has real data behind the numbers.","4177","TC-141: owner can open the Daily Report and see the current day's live report","dashboard","2026-09-01","passed","2026-09-01","Owner — Daily Report Tab","","",""
"A category that still contains items must not be deletable — the owner-facing menu editor hides the category 'Delete' button until the category is empty, preventing accidental bulk-deletion of its items. (Runs after TC-21, which leaves an item in the category.)","3902","TC-67: owner cannot delete a category that has items","dashboard","2026-09-01","passed","2026-09-01","Owner — Menu Management > Category and item CRUD","","",""
"POST /api/order/statistics/export/:restaurantId with the seed restaurant's id and an intruder token → 403 (RestauNax #621; before it, any VIEW_RESTAURANT holder could export another restaurant's full order history incl. customer email/phone as CSV). Positive control: the seed owner exporting the same search → 200 CSV containing the seeded receipt number.","175","TC-228: another owner cannot export a restaurant's orders","dashboard","2026-09-01","passed","2026-09-01","Owner — Orders API auth & tenant isolation","","",""
"Two settle-cash calls with the SAME idempotencyKey: the first is a genuine leg, the second replays it (replayed:true, same leg id, remaining unchanged) — the owner statistics detail endpoint (the one whose Prisma `include` actually selects `payments` — getOrderFullRaw's own route does NOT) shows exactly one SUCCEEDED payment for this order.","564","TC-430: idempotency replay — the same key twice produces exactly ONE payment row","pos","2026-09-01","passed","2026-09-01","POS — Register / Cash Drawer","","",""
"Navigating directly to /admin with no session redirects to /sign-in rather than rendering the admin dashboard.","2795","TC-72: an unauthenticated visitor hitting the admin dashboard is redirected to sign-in","dashboard","2026-09-01","passed","2026-09-01","Access — Unauthenticated","","",""
"Expanding the Coupons accordion and clicking Create Coupon loads the coupon form.","3900","TC-30: owner can navigate to the Create Coupon form","dashboard","2026-09-01","passed","2026-09-01","Owner — Coupons","","",""
"Storefront shows the seeded item card with its price. Owner (Menu tab) switches it OFF → 'Mark sold out'. Reloading the storefront: the card is gone (template-wind filters outOfStock items out of the menu grid). Owner switches it back ON → card is back.","40652","TC-320: an item the owner marks sold out disappears from the storefront menu and comes back when restored","customer","2026-09-01","passed","2026-09-01","Menu → Storefront hand-off","","",""
"The admin uploads a print-ready PDF and sends it; the owner sees the proof, asks for a change, and the 'revisionsReceived' email quotes their own words. The order returns to IN_DESIGN.","141","TC-450: 'Your proof is ready' → 'I'd like changes' sends the note back and reopens the design","dashboard","2026-09-01","failed","2026-09-01","Owner — Print Shop (supply shop)","","",""
"Tip is client-selected but the charged total is the server quote (amountToCharge): raising the tip preset raises the quoted Total, zeroing it via the custom input lowers it. Proves the tip → /quote round-trip, with no assumptions about tax math.","2676","TC-186: tip presets and custom tip flow into the server-quoted total","customer","2026-09-01","passed","2026-09-01","Customer — Checkout","","",""
"Ordering a run of cards IS how an owner says they want to sell gift cards; the switch that makes them loadable is flipped on our side when the run is fulfilled. So the product must be in the shop even while this tenant's gift cards are OFF, with its picture, price and lead time.","2333","TC-446: the physical gift card is offered to every restaurant — gift cards on or not — and the admin catalog agrees","dashboard","2026-09-01","passed","2026-09-01","Owner — Print Shop (supply shop)","","",""
"A gift card whose balance has been adjusted down to $0 (admin) is rejected at checkout with a 'no remaining balance' error.","353","TC-174: a depleted gift card is rejected","customer","2026-09-01","failed","2026-09-01","Customer — Checkout gift card","","",""
"Unauthenticated customer navigates to /menu?restaurantId=<id> and the page loads.","844","TC-22: customer can reach the menu page for the seed restaurant @smoke","customer","2026-09-01","passed","2026-09-01","Customer — Menu Browsing","","",""
"FREE_DELIVERY is delivery-only: applying the code while the order is Pickup sends serviceType to validate and the backend rejects it with a delivery-only message — no discount, no $0.00 'saving'.","1704","TC-214: a free-delivery code is rejected on a pickup order","customer","2026-09-01","passed","2026-09-01","Customer — Free-delivery coupon","","",""
"Toggling one program row persists that enrollment only (verified via API — the other programs keep their state); restored afterwards.","3228","TC-208: a single program can be paused without touching the others","dashboard","2026-09-01","passed","2026-09-01","Owner — Automated Marketing","","",""
"Every persisted key must carry the rx:<siteKey> prefix. A bare auth_token or restaurantCart is the exact shape of the leak.","2463","TC-L11: storage is namespaced per tenant and never bare @smoke","customer-lima","2026-09-01","passed","2026-09-01","Lima — tenant isolation on a shared origin","","",""
"The minimum-order and fee-cap fields are enabled and required for a Free Delivery coupon: submitting without them is blocked with field errors, and once filled the coupon persists with both values (the margin guardrail — the fee waiver is self-funded).","4930","TC-216: a Free Delivery coupon requires a minimum order and a fee cap","dashboard","2026-09-01","passed","2026-09-01","Owner — Coupons","","",""
"availability / featured / price-override carry assertControlsRestaurant / assertControlsMenuOwner: a second owner's token gets 403 on our item. Proves the second-owner token and fixture are real, and keeps the guarded set guarded.","310","TC-287: the guarded routes DO reject another owner (positive control for the pins)","dashboard","2026-09-01","passed","2026-09-01","Owner — Menu API contract > authorization — a second owner against our menu","","",""
"Full happy path: pre-seeded cart → fill form → Proceed to Payment → fill Stripe VISA test card → Complete Order → Order Confirmed page.","27429","TC-26: customer can complete a full order with Stripe test card and reach Order Confirmed","customer","2026-09-01","failed","2026-09-01","Customer — Order Placement","","",""
"","5067","TC-444: date override — close a date via the picker; appears in the upcoming list; delete it","dashboard","2026-09-01","passed","2026-09-01","Owner — Reservations","","",""
"A card minted for the printer but never loaded at a register has status INACTIVE and a zero balance. Applying its code at checkout shows the rejection and applies nothing — the opposite of TC-171's funded card.","17698","TC-477: an unloaded (INACTIVE) physical card is refused at checkout","customer","2026-09-01","failed","2026-09-01","Customer — Checkout physical gift card stock","","",""
"A gift card frozen by an admin is rejected at checkout with a 'frozen' error.","348","TC-175: a frozen gift card is rejected","customer","2026-09-01","failed","2026-09-01","Customer — Checkout gift card","","",""
"","220","TC-503: a bad row is reported and the good rows still import","dashboard","2026-09-01","passed","2026-09-01","Admin — Importing existing gift cards","","",""
"Clicking a row in the orders grid opens a detail dialog with order info, items, and totals — read-only assertions only; no status change/cancel/refund. An order is seeded via the API in beforeAll so a row is always present (no longer dependent on QA residue).","4492","TC-90: opening an order shows its detail view","dashboard","2026-09-01","passed","2026-09-01","Owner — Orders Tab","","",""
"The grid paginates server-side. Choosing 25 rows/page re-queries with limit=25&page=1; on a list with more than 10 rows, 'next page' at size 10 sends page=2 and switching size afterwards snaps back to page=1. On a fresh QA with ≤10 orders in range the page-2 step is annotated and skipped.","6890","TC-238: page size and page navigation are sent to the server and size changes reset to page 1","dashboard","2026-09-01","passed","2026-09-01","Owner — Orders Tab","","",""
"The live hardware bug (2026-08-26): computeTableStates only reads isActive:true tables for the floor payload, so a hard-deleted OR soft-deactivated table must never leak into GET /api/tablet/floor — even one still holding an open check.","313","TC-390: ghost-table regression — a deactivated/deleted table never appears on GET /api/tablet/floor","pos","2026-09-01","passed","2026-09-01","POS — Table Management (floor, tables, sections, combinations)","","",""
"Chain: PATCH …/price-override {restaurantId:A, priceOverride:14} → A's merged menu shows effectivePrice/price=14 with masterPrice=12; B still 12; priceOverride:null clears A back to 12.","498","TC-275: a per-location price override changes only that location's effective price","dashboard","2026-09-01","passed","2026-09-01","Owner — Menu API contract","","",""
"","1839","TC-L04: an unresolvable slug never renders another tenant @smoke","customer-lima","2026-09-01","passed","2026-09-01","Lima — slug resolution","","",""
"PENDING → Confirmed → Preparing → Ready → Picked Up via the single forward-only 'Mark as …' button, each click confirmed by the status PUT. At the terminal status the button disappears, the header chip reads 'Picked Up', all four prior steps are marked complete, and the sheet stays open.","4555","TC-244: owner drives a pickup order through its whole lifecycle from the detail sheet","dashboard","2026-09-01","passed","2026-09-01","Owner — Orders Tab","","",""
"","1033","TC-329: PATCH /:dealId/status round-trips ACTIVE ↔ INACTIVE with its messages; anything else is 400","dashboard","2026-09-01","passed","2026-09-01","Owner — Deals API contract","","",""
"After applying a gift card, clicking Remove clears the 'Gift card applied' summary and returns to the code-entry state.","392","TC-172: removing an applied gift card clears the discount","customer","2026-09-01","failed","2026-09-01","Customer — Checkout gift card","","",""
"","107","TC-179: current-orders + status reject an unauthenticated caller","pos","2026-09-01","skipped","2026-09-01","POS — Order Lifecycle","","",""
"PATCH …/price-override on an item of a standalone restaurant → 400 'only available for chain master items'; without restaurantId → 400; without a token → 401 (the routes sit behind requireAuth — CHANNEL_PRICING_DESIGN.md claims otherwise; this pins the code).","300","TC-274: override routes reject standalone items, require restaurantId and a token","dashboard","2026-09-01","passed","2026-09-01","Owner — Menu API contract","","",""
"Two bookings on the same table: seating #1 succeeds; seating #2 onto the SAME table as the STAFF-role member (HOST_MANAGE_RESERVATIONS only, no override) → 409 RESERVATION_CONFLICT. The SAME seat call as the MANAGER (holds OVERRIDE_RESERVATION_CONFLICT) does NOT surface the conflict as an error at all — canOverrideConflict bypasses the check in reservationSeatService.ts, so the call just succeeds and re-assigns the table to reservation #2.","827","TC-407: seat conflict — STAFF sees the 409, MANAGER's OVERRIDE_RESERVATION_CONFLICT bypasses it entirely","pos","2026-09-01","passed","2026-09-01","POS — Reservation Lifecycle (tablet host stand)","","",""
"assertDrawerOperableBy returns null when NO session is open on this device; settle-cash then answers 400 with error:register.notOpen ('There is no open register on this device.'). This runs first in the file, before device #1 ever opens a session.","309","TC-426: settle-cash is refused with no open register — asserted BEFORE any register/open in this file","pos","2026-09-01","passed","2026-09-01","POS — Register / Cash Drawer","","",""
"Owner navigates to /restaurant/restaurantId/:id/uber and the Uber Direct Delivery Settings heading is visible — this route is owner-reachable (guard includes Role.OWNER), unlike publish/tax/loyalty which are employee/admin-only.","2129","TC-82: owner can reach the Uber Eats delivery settings page","dashboard","2026-09-01","passed","2026-09-01","Owner — Uber Eats Delivery Settings","","",""
"Chain: PATCH …/location-pricing {restaurantId:A, basePriceOverride, modifierOverrides:[{modifierId, priceOverride}]} resolves that modifier's price to the override on A's read (masterPrice kept) and leaves B alone; a modifier that isn't on the item → 400; priceOverride:null deletes the row.","763","TC-276: location-pricing overrides a size price per location and validates the modifier id","dashboard","2026-09-01","passed","2026-09-01","Owner — Menu API contract","","",""
"","1678","TC-L05: the ordering host is not indexable","customer-lima","2026-09-01","passed","2026-09-01","Lima — slug resolution","","",""
"","18499","TC-L42: an invalid coupon is rejected","customer-lima","2026-09-01","failed","2026-09-01","Lima — checkout and payment","","",""
"","752","TC-346: unauthenticated requests get 401 on every protected deal route","dashboard","2026-09-01","passed","2026-09-01","Owner — Deals API contract","","",""
"Delivery orders have a longer path: PENDING → Confirmed → Preparing → Ready → Out for Delivery → Delivered. Each step is confirmed by the status PUT; at Delivered the button is gone.","5626","TC-245: owner drives a delivery order through its whole lifecycle from the detail sheet","dashboard","2026-09-01","passed","2026-09-01","Owner — Orders Tab","","",""
"","5199","TC-115: admin can change a user's role","dashboard","2026-09-01","passed","2026-09-01","Admin — User Management > Settings tab","","",""
"The 'Add Category' dialog lists preset chips (Appetizers, Desserts, …); typing a name that already exists on this menu shows '<name> already exists in category' and the dialog stays open. Uses the run's own category name as the duplicate so no real category is touched.","4674","TC-294: New Category offers presets and refuses a duplicate name","dashboard","2026-09-01","passed","2026-09-01","Owner — Menu builder, item wizard & item detail","","",""
"POST closes a date; re-POSTing the SAME date updates the existing row (closed/note) instead of erroring — confirmed against the service's upsert-by-(restaurantId,date) contract, both calls answer 201. DELETE removes it and the list forgets it.","458","TC-404: date overrides — POST upserts by date (no 409 on repeat), list shows it, DELETE removes it","pos","2026-09-01","passed","2026-09-01","POS — Reservation Configuration (settings, periods, turn times, overrides, phone booking)","","",""
"A customer order (seeded via the public order API at its real menu price, bumped to PENDING — no Stripe) appears in the restaurant's live current-orders feed, and can be driven PENDING → CONFIRMED → PREPARING → READY → PICKED_UP with each transition confirmed at the API source of truth.","1223","TC-100: a placed order is received on the POS and driven through the full lifecycle","pos","2026-09-01","passed","2026-09-01","POS — Order Lifecycle","","",""
"Customer Info renders name, phone and email from the order's contact snapshot; a guest order with no contact falls back to 'Guest' and 'N/A'.","5027","TC-242: the Customer Info tab shows the order's contact snapshot, or Guest / N/A when absent","dashboard","2026-09-01","passed","2026-09-01","Owner — Orders Tab","","",""
"","2","TC-143: employee can reach the publish page and see the Publish Restaurant button","dashboard","2026-09-01","skipped","2026-09-01","Employee — Publish menu","","",""
"Subtotal / Tax / Tip / 'Customer paid' in the Order Total block equal the seed RESPONSE values (server-authoritative pricing: tax is recomputed by the backend, so we compare against what it recorded, not what we sent). The delivery seed additionally shows its Delivery Fee row.","5635","TC-240: the detail sheet's money rows equal what the backend recorded for the order","dashboard","2026-09-01","passed","2026-09-01","Owner — Orders Tab","","",""
"","395","TC-506: an import cannot be reverted twice","dashboard","2026-09-01","passed","2026-09-01","Admin — Importing existing gift cards","","",""
"Admin enrolls the shared restaurant WITHOUT a markup → Order Settings shows the toggle disabled with the 'contact RestauNax' warning and both actions disabled. Admin sets 3.5% → after reload the toggle is offered, the markup summary reads 3.5%, and 'Convert menu…' opens a preview whose table carries From (cash) / To (card) columns and whose confirm stays disabled behind the acknowledge checkbox (never ticked). If the shared menu was converted in an earlier run the button is disabled and the 'Menu converted on' caption is asserted instead. Everything is restored in finally.","5893","TC-494: the owner's Dual Pricing toggle is disabled until an admin sets the card markup; the Convert menu dialog previews the CR/CA table","dashboard","2026-09-01","passed","2026-09-01","Dashboard — Dual pricing v2","","",""
"sortBy=total&sortDirection=asc returns non-decreasing totals; limit=2 caps the page and totalPages = ceil(totalCount / limit). Search-scoped to this file's seeds plus whatever else matches, so it stays true regardless of QA residue.","653","TC-261: the management list honours sort direction and page size","dashboard","2026-09-01","passed","2026-09-01","Owner — Orders API contract","","",""
"At A, edit the shared item's name in the wizard and save → PUT …/changes; the new name shows on BOTH locations' Menu tabs (shared row = one MenuItem). If the build shows the 'Heads up — chain-wide change' fan-out confirm it is accepted (Continue) — the QA build at the time of writing did not.","13727","TC-313: editing a shared item at one location fans out to every location","dashboard","2026-09-01","passed","2026-09-01","Owner — Chain menu (per-location overrides, shared vs local)","","",""
"","1086","TC-417: floor RESERVED_SOON is unobservable via the API — no path assigns a table without seating","pos","2026-09-01","skipped","2026-09-01","POS — Reservation Lifecycle (tablet host stand)","","",""
"When the Stripe status API returns hasAccount: false the page renders the 'Set Up Stripe Account' button. Route-mocked so the test is independent of the QA account's real Stripe state.","2388","TC-49: owner without Stripe sees the Set Up Stripe Account button","dashboard","2026-09-01","passed","2026-09-01","Owner — Payment Settings (Stripe Setup) > Setup page — pre-connection state (mocked)","","",""
"The subtitle tells the owner they can connect Stripe to accept payments.","2541","TC-48: setup page shows the header description","dashboard","2026-09-01","passed","2026-09-01","Owner — Payment Settings (Stripe Setup) > Setup page","","",""
"GET .../reservation-availability for a date matching the ONE 12:00-14:00 period returns slots ONLY inside that window (every slot.time in [""12:00"",""14:00"")). A ReservationDateOverride closing a date on the SAME weekday → 200 with an EMPTY slots array and closed:true (not an error status — getAvailability's own contract, confirmed against source).","312","TC-420: public availability reflects config — window-clipped slots, empty+closed on an overridden date","pos","2026-09-01","passed","2026-09-01","POS — Waitlist & Public Reservation Booking","","",""
"sessionStorage survives same-tab navigation, so browsing one tenant and then another would otherwise leave the first tenant's cart in the same store.","3550","TC-L13: navigating between tenants in ONE tab leaves no residue","customer-lima","2026-09-01","passed","2026-09-01","Lima — tenant isolation on a shared origin","","",""
"Cart is injected via sessionStorage; customer navigates to /checkout and sees the customer info form.","1532","TC-24: customer with pre-seeded cart can reach checkout and see the form","customer","2026-09-01","passed","2026-09-01","Customer — Checkout","","",""
"POST /restaurant/new with the seed OWNER's token is rejected — restaurant creation requires a permission this account doesn't hold, confirming the API enforces it (not just the UI).","169","TC-79: a restaurant owner without CREATE_RESTAURANT permission cannot self-serve create one","dashboard","2026-09-01","passed","2026-09-01","API — Negative cases","","",""
"","695","TC-332: 86'ing a required slot item hides the deal from /active; restoring brings it back","dashboard","2026-09-01","passed","2026-09-01","Owner — Deals API contract","","",""
"After Stripe redirects back to /stripe-onboarding-success the page shows either 'Stripe Account Successfully Connected!' or 'Stripe Account Setup In Progress', and the Restaurant Dashboard button is always present.","2881","TC-51: success callback page loads after Stripe redirect","dashboard","2026-09-01","passed","2026-09-01","Owner — Payment Settings (Stripe Setup) > Success callback page","","",""
"GET /api/order/statistics/management/:id hides INITIALIZED placeholders by default (a search that can only match the un-bumped seed returns nothing). Passing status=INITIALIZED explicitly DOES return it — pinned as current behaviour pending a product decision on whether owners should ever see placeholders.","405","TC-258: INITIALIZED (pre-payment) orders are excluded from the owner list unless asked for explicitly","dashboard","2026-09-01","passed","2026-09-01","Owner — Orders API contract","","",""
"A minSelections=1 group with no default: the group shows its Required pill and Add to Cart stays disabled; picking an option enables it.","1641","TC-189: a required modifier group blocks Add to Cart until a selection is made","customer","2026-09-01","passed","2026-09-01","Customer — Item Modifiers","","",""
"Add-item wizard: Basic Information → skip modifiers → Image Upload via the hidden file input (fixtures/assets/menu-item.png) → 'View image' / 'Remove image' controls appear → Review saves the item and POSTs /upload/menu/item/picture/:id. The detail page shows the image and GET /menu/itemId/:id has imageUrls.","6115","TC-297: the wizard uploads an image from the Image step and the item carries it","dashboard","2026-09-01","passed","2026-09-01","Owner — Menu builder, item wizard & item detail","","",""
"A register order paid whole in cash is created at the cash tier (qty 2). PATCH /modify with qty 3 — the device sends only the new line set, never a discount claim — and the server re-derives the pre-tax discount from the authoritative menu at the restaurant's markup: 3 × (0.45 + 0.11) = 1.68, tax on the new cash base 47.85 → 3.35, total 51.20.","255","TC-492: editing a cash-priced order re-derives the discount at the restaurant's markup","pos","2026-09-01","passed","2026-09-01","POS — Dual pricing v2 (per-item cash tier)","","",""
"After creating a coupon, it shows up as a row in the Manage Coupons list (a separate tab from Create Coupon, never visited by prior tests).","4056","TC-91: owner can see a created coupon in the Manage Coupons list","dashboard","2026-09-01","passed","2026-09-01","Owner — Coupons","","",""
"LEGAL_TRANSITIONS has no BOOKED -> COMPLETED edge (only PARTIALLY_SEATED/SEATED -> COMPLETED) — attempting `complete` straight from BOOKED → 400 RESERVATION_INVALID_TRANSITION.","248","TC-416: status transition refusal — complete on a never-seated BOOKED reservation is illegal","pos","2026-09-01","passed","2026-09-01","POS — Reservation Lifecycle (tablet host stand)","","",""
"","7866","TC-500: importing through the panel creates spendable cards","dashboard","2026-09-01","failed","2026-09-01","Admin — Importing existing gift cards","","",""
"","2672","TC-87: Manage Deals tab shows the Create Deal and AI Generate Deals actions","dashboard","2026-09-01","passed","2026-09-01","Owner — Deals","","",""
"Owner navigates to /setupStripe and the Payment Setup heading is visible.","2397","TC-46: setup page loads with Payment Setup heading","dashboard","2026-09-01","passed","2026-09-01","Owner — Payment Settings (Stripe Setup) > Setup page","","",""
"","7465","TC-362: Edit pre-fills the form; renaming, repricing, removing and adding a slot round-trips through PUT and the table","dashboard","2026-09-01","passed","2026-09-01","Owner — Deals","","",""
"","0","TC-182: sign-up → employee creates and sets up a restaurant → admin assigns it → the new owner sees it live","dashboard","2026-09-01","skipped","2026-09-01","Onboarding — Full chain","","",""
"Owner clicks 'Add [Category] Item', completes the 4-step wizard, and verifies the item appears on the menu page.","7867","TC-21: owner can add a menu item to a category","dashboard","2026-09-01","passed","2026-09-01","Owner — Menu Management > Category and item CRUD","","",""
"STAFF (HOST_MANAGE_RESERVATIONS only) can set DIRTY then CLEAR; the floor shows DIRTY between the two. STAFF setting BLOCKED → 403 AUTH_FORBIDDEN. MANAGER's BLOCKED succeeds and the floor shows BLOCKED (precedence over AVAILABLE), then CLEAR restores it.","874","TC-394: table state capability split — DIRTY/CLEAR need HOST_MANAGE_RESERVATIONS, BLOCKED needs MANAGE_TABLES","pos","2026-09-01","passed","2026-09-01","POS — Table Management (floor, tables, sections, combinations)","","",""
"Proof v2 goes out; an approve carrying v1's versionId must not approve v2 by accident.","169","TC-451: approving a superseded proof is refused (409 PROOF_SUPERSEDED)","dashboard","2026-09-01","failed","2026-09-01","Owner — Print Shop (supply shop)","","",""
"","2351","TC-57: admin can reach menu management","dashboard","2026-09-01","passed","2026-09-01","Access — Restaurant management (shared screens)","","",""
"","319","TC-475: batch quantity is validated — 0 and 5,001 are refused before a single card is minted","dashboard","2026-09-01","failed","2026-09-01","Admin — Physical gift card batches","","",""
"An embedded-ordering customer arrives from the restaurant's own, already-branded site. A second landing page is a detour, so '/' redirects — and the decision is injected server-side so there is no flash of the landing page first.","2325","TC-L23: the tenant root goes straight to the menu","customer-lima","2026-09-01","passed","2026-09-01","Lima — basename routing","","",""
"","1","TC-144: employee sees the required checklist on the publish page","dashboard","2026-09-01","skipped","2026-09-01","Employee — Publish menu","","",""
"Choosing a status in the Filters panel and applying it fires the management fetch with the filter and closes the panel — exercising the filter end-to-end, beyond TC-89 which only opened it.","5635","TC-132: filtering by Order Status re-queries the orders grid","dashboard","2026-09-01","passed","2026-09-01","Owner — Orders Tab","","",""
"","268","TC-482: proof actions on an order with no proof are refused — approve and request-changes alike","dashboard","2026-09-01","passed","2026-09-01","Owner — Supply shop API contract","","",""
"","313","TC-348: a second owner cannot deactivate our deal — PATCH /:dealId/status (RestauNax #618)","dashboard","2026-09-01","passed","2026-09-01","Owner — Deals API contract > authorization — another owner (the seed OWNER) against this tenant's deals","","",""
"Clicking Orders in the portal sidebar loads the orders tab with a search bar and table column headers.","3941","TC-29: owner can navigate to the Orders tab and see the orders search bar @smoke","dashboard","2026-09-01","passed","2026-09-01","Owner — Orders Tab","","",""
"POST /menu/restaurant/clone with targetRestaurantId = a chain member → 400 'part of a chain and uses the chain's shared menu' (restaurant-owned duplicates would collide with the shared menu).","152","TC-280: cloning a menu into a chain member is refused","dashboard","2026-09-01","passed","2026-09-01","Owner — Menu API contract","","",""
"Opening Delete and clicking Cancel (without typing the confirm word) does not delete the coupon.","5273","TC-161: cancelling the delete confirmation leaves the coupon untouched","dashboard","2026-09-01","passed","2026-09-01","Owner — Coupons","","",""
"","28","TC-L06: healthz answers without rendering the app","customer-lima","2026-09-01","passed","2026-09-01","Lima — slug resolution","","",""
"","268","TC-481: the owner's order list carries the estimate and nothing internal","dashboard","2026-09-01","passed","2026-09-01","Owner — Supply shop API contract","","",""
"","3642","TC-370: 86'ing a required slot item pulls the whole deal from the storefront; restoring it brings the deal back","customer","2026-09-01","passed","2026-09-01","Deals → Storefront hand-off","","",""
"updateDeal used to skip all of createDeal's validation, so dealPrice 0/negative and a malformed validTimeStart were accepted (and a 0 price flowed into the pricing engine as the charge). Since #618 the patch is validated against the merged row with the same messages/status codes as create.","590","TC-336: PUT /:dealId re-applies create's validation — price > 0, HH:MM (RestauNax #618)","dashboard","2026-09-01","passed","2026-09-01","Owner — Deals API contract","","",""
"Exact 400/404 strings from dealController.createDeal, in evaluation order: required fields → price > 0 → validTimeStart regex → validTimeEnd regex → restaurant exists.","530","TC-326: create validation — missing fields, non-positive price, bad HH:MM, unknown restaurant","dashboard","2026-09-01","passed","2026-09-01","Owner — Deals API contract","","",""
"Chain: PATCH …/availability on a shared item without restaurantId → 400; with A → A reads outOfStock:true, B false (only A's MenuItemLocationOverride row is written, the master flag stays).","474","TC-278: 86'ing a shared item is per location and requires restaurantId","dashboard","2026-09-01","passed","2026-09-01","Owner — Menu API contract","","",""
"Creating a chain requires a founding restaurant that already has a menu, an assigned owner, and doesn't belong to a chain yet. This seeds a throwaway restaurant + menu via the API and assigns the seed OWNER account to it (never the shared seed restaurant, since chain membership isn't easily undone — there's no DELETE chain endpoint), then drives the real Create Chain UI flow: search the founding store, submit, land on the auto-opened detail panel, and confirm the new chain shows up back in the list.","19279","TC-223: admin creates a chain from a founding restaurant","dashboard","2026-09-01","failed","2026-09-01","Admin — Chains","","",""
"","138","TC-124: a bogus invite token grants no elevated access","dashboard","2026-09-01","passed","2026-09-01","Admin — User Management > Invite claim — defensive","","",""
"","3","TC-28: owner can see publish checklist items on the publish page","dashboard","2026-09-01","skipped","2026-09-01","Owner — Publish Restaurant","","",""
"Typing in the customer search fires GET /api/customers/restaurant/:id with the search term — proving the directory filters against the backend rather than only client-side.","4434","TC-137: searching the customer directory re-queries the server","dashboard","2026-09-01","passed","2026-09-01","Owner — Customers Tab","","",""
"Owner (location A Menu tab) → eye icon → 'Remove from menu'. Storefront ?restaurantId=A no longer lists the shared item; ?restaurantId=B still does. Restored afterwards.","6626","TC-322: an item the owner removes from one location's menu is absent from that storefront only","customer","2026-09-01","passed","2026-09-01","Menu → Storefront hand-off","","",""
"Regression for the template lock: PATCHing templateId is silently ignored by the field allowlist, so a program can never be pointed at mismatched email content.","250","TC-204: templateId cannot be reassigned through the API (view-only lock)","dashboard","2026-09-01","passed","2026-09-01","Admin — Marketing automations","","",""
"?detailOrderId=<garbage> triggers a lookup that 4xx's; the tab must still render the dashboard and grid with no detail sheet and no uncaught page error.","3282","TC-252: deep-linking to an unknown order id does not break the tab","dashboard","2026-09-01","passed","2026-09-01","Owner — Orders Tab","","",""
"allowPhysicalActivation / allowCashFunding / maxCashFloatPerLocation are what the POS load path reads. PUT stores them, GET returns them, and a negative cap is refused.","254","TC-476: the physical-card knobs round-trip through the config endpoint (cash off, custom cap)","dashboard","2026-09-01","passed","2026-09-01","Admin — Physical gift card batches","","",""
"Builds the combo, checks out as a pickup guest with the Stripe VISA test card → 'Order Confirmed!'. The order (owner GET /api/order/:id) carries orderDeals[0] {dealId, dealPrice 21, quantity 1} and 3 orderDealItems; on payment processDealStatistics increments Deal.timesUsed / totalRevenue → the /stats summary moves by +1 / +21, the Manage Deals row reads '1 times' + '$21.00', and Deal Analytics' Top Performing Deals lists it. Leaves one real paid order on QA (as TC-26 does).","33179","TC-371: paying for a deal order records the deal on the order and bumps the owner's usage counters (stats API, Manage Deals row, Deal Analytics)","customer","2026-09-01","failed","2026-09-01","Deals → Storefront hand-off","","",""
"/chain/:groupId/restaurantManagement?tab=Menu: banner 'This is your shared menu — changes here apply to all 2 locations…'; 'Manage shared menu (all locations)' button; the shared item's availability switch is disabled and it has no $ / carry icons; A's location-only item is not listed at all (?sharedItemsOnly=true).","3291","TC-309: the chain shell Menu tab is the shared view — no per-location controls, local items hidden","dashboard","2026-09-01","passed","2026-09-01","Owner — Chain menu (per-location overrides, shared vs local)","","",""
"Open a check on a seated table, transfer it by name to a fresh table (zero-config upsert-by-name, same as file 03's TC-376) — the owner list/floor shows the check on the destination, not the source.","607","TC-414: transfer on a seated check moves it to the destination table","pos","2026-09-01","passed","2026-09-01","POS — Reservation Lifecycle (tablet host stand)","","",""
"","0","TC-18: employee can set a tax rate and save — change persists","dashboard","2026-09-01","skipped","2026-09-01","Employee — Tax Settings","","",""
"The AI Deal Generator's step 0 is served by this unauthenticated, static endpoint. The paid POST /ai/generate/:id is deliberately never called by the suite.","254","TC-342: public GET /ai/questions is a static questionnaire (no AI call) with the four question ids","dashboard","2026-09-01","passed","2026-09-01","Owner — Deals API contract","","",""
"","198","TC-486: one-time menu conversion raises the stored (cash) prices to card prices; the menu then carries cashPrice pairs; a second run is 409","pos","2026-09-01","passed","2026-09-01","POS — Dual pricing v2 (per-item cash tier)","","",""
"Filling the form with a malformed email and clicking submit leaves the visitor on /demo with no success dialog (native email-type validation blocks it).","18336","TC-75: submitting an invalid email format does not submit the form","dashboard","2026-09-01","failed","2026-09-01","Demo Request — Public Form","","",""
"At A's builder, 'Add <shared category> Item' → dialog 'Who is this item for?' → 'Just this store' → wizard at ?ownerOnly=1 with the banner 'This item is for this location only…' → save → the item is listed at A with the 'This location only' chip / 'Only here' badge and is absent from B and from the chain shell; 'All my stores' → no ownerOnly, item present at both.","12894","TC-314: 'Who is this item for?' — Just this store creates a location-only item invisible to B","dashboard","2026-09-01","passed","2026-09-01","Owner — Chain menu (per-location overrides, shared vs local)","","",""
"","403","TC-467: unsold stock is not a liability — Finance's gift-card liability is unchanged by a minted batch","dashboard","2026-09-01","passed","2026-09-01","Admin — Supply shop","","",""
"","2275","TC-464: fulfil refuses to move money without a final price, to comp without a reason, and to invoice a tenant with no credit","dashboard","2026-09-01","failed","2026-09-01","Admin — Supply shop","","",""
"…/tab/settle-gift-card negatives: an unknown code answers 400 (same lookup + scope + status + balance rules as every redemption path), and a tip in the body is refused loudly rather than silently dropped — platform policy is that a gift card never covers the tip. HAPPY-PATH TODO: needs a mintable ACTIVE gift card; QA has no mint path without real money (purchase verifies a SUCCEEDED Stripe PaymentIntent; admin routes only freeze/adjust existing cards).","619","TC-381: gift-card leg contract — unknown code 400, smuggled tip 400 (gift cards never cover tips)","pos","2026-09-01","passed","2026-09-01","POS — Table Service Open Checks","","",""
"The create form has no client-side uniqueness check, so a second coupon with the same code reaches the API and is rejected there (backend enforces per-restaurant code uniqueness).","6586","TC-151: a duplicate coupon code on the same restaurant is rejected","dashboard","2026-09-01","passed","2026-09-01","Owner — Coupons","","",""
"Deal = Pizza (12, Size REPLACES: Regular 12 default / Large 15 / Small 10; Extras ADJUSTS: Cheese 2, Bacon 3) + Drink (4) at 14. Regular + Bacon → upcharge 3; Large + Cheese → 3 + 2 = 5; Small → 0 (downgrades never refund). lineTotal = 14 + upcharge. Client upchargeAmount is ignored when modifier ids are sent.","857","TC-338: /quote modifier upcharge — ADJUSTS_PRICE at full price, REPLACES_PRICE as the delta above the default, downgrade clamped to 0","dashboard","2026-09-01","passed","2026-09-01","Owner — Deals API contract","","",""
"","0","TC-97: employee creates a restaurant on behalf of a client","dashboard","2026-09-01","skipped","2026-09-01","Employee — Create restaurant","","",""
"settle-cash: cashTendered=15 against a $10 leg → cashChange 5. cashTendered=5 against a $10 leg → 400 (cashTendered checked BEFORE the drawer gate, so this fires on its own input validation).","547","TC-429: cash math — cashTendered over the amount computes exact change; under the amount is refused","pos","2026-09-01","passed","2026-09-01","POS — Register / Cash Drawer","","",""
"When the owner clicks 'Set Up Stripe Account' the frontend POSTs to /api/stripe/account/restaurant/:id/create, receives an accountLinkUrl, and sets window.location.href to that URL (redirecting to Stripe).","2789","TC-53: clicking Set Up Stripe Account calls the create API and redirects to Stripe","dashboard","2026-09-01","passed","2026-09-01","Owner — Payment Settings (Stripe Setup) > Setup page — pre-connection state (mocked)","","",""
"","82","TC-493: the public restaurant details payload never exposes the pricing-program flags","pos","2026-09-01","passed","2026-09-01","POS — Dual pricing v2 (per-item cash tier)","","",""
"","12461","TC-452: 'Looks good' moves the order to 'Placed — price confirmed at print'","dashboard","2026-09-01","failed","2026-09-01","Owner — Print Shop (supply shop)","","",""
"","3306","TC-354: sorting by Price and Savings orders the seeded rows by the server numbers","dashboard","2026-09-01","passed","2026-09-01","Owner — Deals","","",""
"Book publicly, then arrive + seat on the tablet (ARRIVED then SEATED) — the manage DELETE now hits PUBLIC_ALLOWED_SOURCES' source-scoping (CANCELLED only legal from BOOKED/CONFIRMED for actor PUBLIC) → 409 RESERVATION_INVALID_TRANSITION, same divergence from the brief's 400 as TC-422.","501","TC-423: cancel-after-seated is refused — PUBLIC may only cancel from BOOKED/CONFIRMED","pos","2026-09-01","passed","2026-09-01","POS — Waitlist & Public Reservation Booking","","",""
"A Fixed Amount coupon submitted with a value of 0 shows 'Amount must be greater than 0' and does not create the coupon (complements TC-63, which covers the PERCENTAGE-range path).","3438","TC-148: a non-positive FIXED_AMOUNT value is rejected","dashboard","2026-09-01","passed","2026-09-01","Owner — Coupons","","",""
"","7","TC-305: the card star toggles featured and the Menu tab's Featured accordion reflects it","dashboard","2026-09-01","skipped","2026-09-01","Owner — Menu builder, item wizard & item detail","","",""
"Full path with a Stripe test card, on the shared ordering host under a path slug. Confirms the order lands and the confirmation URL stays inside the tenant.","20188","TC-L40: a customer can complete an order and reach confirmation @smoke","customer-lima","2026-09-01","failed","2026-09-01","Lima — checkout and payment","","",""
"","4111","TC-104: inviting an existing email is rejected","dashboard","2026-09-01","passed","2026-09-01","Admin — User Management > Invite dialog","","",""
"Clicking the Code column header toggles the sort direction without erroring.","3433","TC-157: Manage Coupons table sorts by Code","dashboard","2026-09-01","passed","2026-09-01","Owner — Coupons","","",""
"Selecting the Free Delivery discount type hides the discount-value field (the fee waiver is computed at checkout), and the created coupon persists with type FREE_DELIVERY.","4670","TC-209: owner can create a Free Delivery coupon (no discount value)","dashboard","2026-09-01","passed","2026-09-01","Owner — Coupons","","",""
"The open-check body contract refuses every tender-shaped field with a 400 (payments[], giftCardCode, cashDiscount, processingFee) — the tender is unknown until the guests pay, dual pricing never applies to tabs and the card fee is computed per leg at settlement. DELIVERY orderType is also incompatible with a table.","366","TC-374: any tender in the open body is rejected — a tab is born unpaid","pos","2026-09-01","passed","2026-09-01","POS — Table Service Open Checks","","",""
"POST /menu/item/new: missing price → 4xx; missing groupId → 4xx; a valid body returns the created menuItem with an id.","273","TC-264: creating an item requires price and groupId (name is TC-65)","dashboard","2026-09-01","passed","2026-09-01","Owner — Menu API contract","","",""
"","1","TC-293: a restaurant with no menu shows the empty state that opens the builder","dashboard","2026-09-01","skipped","2026-09-01","Owner — Menu tab (availability / featured)","","",""
"Select Delivery, resolve a fee quote, then apply the free-delivery code: the coupon applies and the order summary shows the delivery fee waived ('Free'). Skips cleanly when the restaurant is pickup-only, Google Places yields no suggestion, or delivery is not available at the address (external dependencies, mirroring TC-126).","14623","TC-215: on a delivery order the code waives the fee and shows Free","customer","2026-09-01","skipped","2026-09-01","Customer — Free-delivery coupon","","",""
"A booking scheduled ~48h out is still inside its grace window right now (now < scheduledAt + graceMinutes is trivially true for a future booking) — `no_show` needs OVERRIDE_RESERVATION_CONFLICT while early. STAFF (HOST_MANAGE_RESERVATIONS only) → 403 AUTH_FORBIDDEN; MANAGER → 200, status NO_SHOW.","548","TC-410: early no-show capability split — STAFF 403s inside the grace window, MANAGER succeeds","pos","2026-09-01","passed","2026-09-01","POS — Reservation Lifecycle (tablet host stand)","","",""
"","225","TC-284: another owner must not be able to delete our item","dashboard","2026-09-01","passed","2026-09-01","Owner — Menu API contract > authorization — a second owner against our menu","","",""
"The CTA used to link /supply-shop/orders/<id>, which was never a route (fixed in RestauNax #678). It must open this restaurant's portal on the Print Shop tab.","61149","TC-449: the email's call to action opens the owner's Print Shop, not a dead route","dashboard","2026-09-01","failed","2026-09-01","Owner — Print Shop (supply shop)","","",""
"Typing a custom amount above the restaurant's configured maximum shows an inline error and does not advance to payment.","2238","TC-168: a custom amount above the maximum is rejected","customer","2026-09-01","passed","2026-09-01","Customer — Gift Cards","","",""
"","236","TC-L01: the backend resolves a restaurant slug @smoke","customer-lima","2026-09-01","passed","2026-09-01","Lima — slug resolution","","",""
"Switch OFF → ConsequenceDialog 'Mark ""X"" as sold out?' → 'Mark sold out' → PATCH /menu/menu-items/:id/availability {outOfStock:true} → row chip 'Out of Stock', category chips '5 Available' / '1 Out of Stock', toast. Switch ON → no dialog, {outOfStock:false}, chips back to 6/0. Cancel in the dialog leaves the item available.","13521","TC-289: turning an item off asks for confirmation, PATCHes availability and updates the chips; turning it on does not","dashboard","2026-09-01","failed","2026-09-01","Owner — Menu tab (availability / featured)","","",""
"","1","TC-17: employee can navigate to tax settings and see the tax rate form","dashboard","2026-09-01","skipped","2026-09-01","Employee — Tax Settings","","",""
"GET /menu/restaurants/:id/menus needs no token (the storefront and the owner UI share it). The merged shape is {menus[{groups[{items}]}], chain}; each item exposes outOfStock + featured; a soft-deleted item (isActive=false) is NOT listed while GET /menu/itemId/:id still returns it.","647","TC-263: the owner menu read is public, hides soft-deleted items and carries the availability flags @smoke","dashboard","2026-09-01","passed","2026-09-01","Owner — Menu API contract","","",""
"reminderLeadMinutes is special-cased: 0 (disabled) is always valid; any nonzero value must be >= 15 and <= 2880 (48h) — 10 and 2881 are both refused, 15 and 2880 (the exact boundaries) are both valid.","463","TC-399: reminderLeadMinutes bounds — 0 disabled, 15..2880 valid, everything else refused","pos","2026-09-01","passed","2026-09-01","POS — Reservation Configuration (settings, periods, turn times, overrides, phone booking)","","",""
"","222","TC-472: an admin balance adjustment cannot fund stock — that would mint money nobody paid for","dashboard","2026-09-01","failed","2026-09-01","Admin — Physical gift card batches","","",""
"Adds an item at one tenant and confirms a second tenant, in the same browser context and therefore the same origin, sees an empty cart.","5015","TC-L10: two tenants in one browser context keep separate carts @smoke","customer-lima","2026-09-01","passed","2026-09-01","Lima — tenant isolation on a shared origin","","",""
"Tops the seed restaurant up with AUTO deals until ≥ 8 are active (info banner), then to 10 (warning banner) and toggles the INACTIVE seeded deal ON → PATCH 400 MAX_ACTIVE_DEALS_REACHED shown as a warning snackbar with the backend's English message. The banners are hard-coded English (an i18n gap noted in the strategy doc). Restores everything.","6052","TC-359: active-deal cap banners — 'You have N of 10' at ≥8, 'Maximum active deals reached' at 10, and activating another is refused with the server message","dashboard","2026-09-01","passed","2026-09-01","Owner — Deals","","",""
"Typing the customer's 10-digit phone number into search returns their order (backend matches customer.phone and the on-order phone snapshot with `contains`). Regression guard for the int4-overflow bug fixed in RestauNax #589 — see test body.","3547","TC-262: searching by a customer phone number finds the seeded order","dashboard","2026-09-01","passed","2026-09-01","Owner — Orders Tab","","",""
"PATCH /restaurant/:rid/tables/layout saves posX/posY/width/height/rotation/shape for a batch of tables in one transaction; GET the owner table list back and the numbers round-trip exactly.","301","TC-387: layout batch save persists geometry exactly","pos","2026-09-01","passed","2026-09-01","POS — Table Management (floor, tables, sections, combinations)","","",""
"","202","TC-480: the shop's search finds the gift card whether or not gift cards are on","dashboard","2026-09-01","passed","2026-09-01","Owner — Supply shop API contract","","",""
"","665","TC-330: DELETE hard-deletes the deal — GET is 404 afterwards and it leaves the owner list; unknown id is 404","dashboard","2026-09-01","passed","2026-09-01","Owner — Deals API contract","","",""
"THE through-line. Guest places a real pickup order on Template Wind (`page`); the owner (`ownerPage`) opens it by id — same receipt #, 'Customer paid' equals the checkout total, the item is listed, Customer Info shows the name/phone the customer typed — then finds it in the grid by the customer's surname (exactly one row) and marks it Confirmed → Preparing → Ready → Picked Up. Never searches by the confirmation page's 'Order #' — that is the DAILY order number, not the permanent receipt.","41357","TC-253 @stripe: a customer's Stripe order reaches the owner with the same receipt, items, total and contact, and the owner works it to Picked Up","dashboard","2026-09-01","failed","2026-09-01","Owner — Orders journey (customer → owner)","","",""
"PUT /api/order/orderId/:id/status and PUT /api/order/statistics/:id/status validate the status against a 9-value allowlist (PENDING…REFUNDED). A bogus value is a 400 'Invalid order status' and the order is left untouched. INITIALIZED and SHIPPED exist in the enum but are deliberately not accepted here either.","360","TC-255: an unknown status value is rejected by both status endpoints @smoke","dashboard","2026-09-01","passed","2026-09-01","Owner — Orders API contract","","",""
"POST .../reservations (public, no auth) → 201, confirmationCode + manageUrl carrying the manage token. GET the manage view with that token → 200, a public-safe projection (status/scheduledAt/partySize/guestName/restaurantName/cancellable/confirmationCode) with NO internalNotes field at all.","578","TC-421: public create happy path returns a manage link; the manage view is public-safe","pos","2026-09-01","passed","2026-09-01","POS — Waitlist & Public Reservation Booking","","",""
"","4292","TC-439: deactivate then delete an API-seeded table via the row menu; list updates; API confirms isActive/absence","dashboard","2026-09-01","passed","2026-09-01","Owner — Tables & Floor","","",""
"Selecting the Notifications sub-tab shows the 'launching soon' placeholder — documenting that this surface is not yet functional, so no test should assert real notification settings there.","2769","TC-140: the Notifications sub-tab shows the coming-soon placeholder","dashboard","2026-09-01","passed","2026-09-01","Owner — Owner Settings Tab","","",""
"With base 13 / Large 18 saved at A, reopen the $ dialog and click 'Reset all to shared'. Expected: both rows read 12.00 / 15.00 with no 'Overridden' chip (was an expected-fail pin until RestauNax #602 fixed LocationPricingEditor.resetAll, which re-seeded from the saved override).","4144","TC-317: 'Reset all to shared' resets SAVED overrides to the shared prices","dashboard","2026-09-01","passed","2026-09-01","Owner — Chain menu (per-location overrides, shared vs local)","","",""
"For API-seeded deals the row shows: name, 'N items' (qty-1 slots), $deal + struck $original, 'X% off' (0 dp), restrictions ('All days'/'All day' or 'Mon, Wed' + '11:00 - 14:00'), the status badge, and '0 times'. Stat cards Total/Active Deals equal the counts in the GET /api/deals/restaurant/:id response the page itself received (concurrency-safe).","3879","TC-351: the table renders the seeded deals cell-for-cell and the stat cards equal the page's own list response","dashboard","2026-09-01","passed","2026-09-01","Owner — Deals","","",""
"","179","TC-479: the restaurant comes from X-Restaurant-Id — missing is 400, another owner's restaurant is refused","dashboard","2026-09-01","passed","2026-09-01","Owner — Supply shop API contract","","",""
"","4141","TC-42: owner can edit a menu category name","dashboard","2026-09-01","skipped","2026-09-01","Owner — Menu Management > Category and item CRUD","","",""
"Navigating to /restaurant/restaurantId/:id/restaurantManagement loads the portal shell with a sidebar drawer.","2238","TC-15: owner can navigate to the restaurant management page and the portal shell loads","dashboard","2026-09-01","passed","2026-09-01","Owner — Restaurant Management Portal","","",""
"US Letter for a credit-card-size product: pageSize WARNs with both sizes in the detail, the report stays sendable (the vendor's preflight is the authority on size — Neaj, 2026-08-28), and the version exists for the admin to judge. Nothing is sent here; TC-458 sends the passing file.","1354","TC-457: artwork at the wrong page size is measured and WARNED about — never blocked; size is the printer's call","dashboard","2026-09-01","passed","2026-09-01","Admin — Supply shop","","",""
"Filename is the order number; header and quoting are the contract the printers read; every code is 16 characters from the no-look-alike alphabet; exporting stamps the batch EXPORTED and counts the export.","2131","TC-463: 'Card export' downloads the batch as the printer's data file — one row per card, the barcode value IS the code","dashboard","2026-09-01","failed","2026-09-01","Admin — Supply shop","","",""
"The Order Items table shows the seeded menu item with quantity 1 at its recorded price, the heading counts the items, and the customer's special instructions are shown under Order Information.","3687","TC-241: the detail sheet lists the ordered item, quantity, price and special instructions","dashboard","2026-09-01","passed","2026-09-01","Owner — Orders Tab","","",""
"updateDeal now runs the same cap check — an INACTIVE deal can't be activated past the cap through PUT. 10 active + 1 inactive candidate → PUT {status:'ACTIVE'} → 400.","1655","TC-335b: PUT /:dealId {status:'ACTIVE'} at the cap is refused (RestauNax #618)","dashboard","2026-09-01","passed","2026-09-01","Owner — Deals API contract > MAX_ACTIVE_DEALS","","",""
"","3479","TC-06: admin can change demo status via inline dropdown","dashboard","2026-09-01","passed","2026-09-01","Admin — Demo Request Actions","","",""
"POST /api/tablet/reservations with no `kind` defaults to WAITLIST (source WALK_IN); quotedWaitMinutes round-trips. Omitting guestPhone → 400 RESERVATION_PHONE_REQUIRED (phone is required for BOTH kinds, enforced once inside createReservationRow).","290","TC-418: waitlist add defaults to kind WAITLIST and requires a phone","pos","2026-09-01","passed","2026-09-01","POS — Waitlist & Public Reservation Booking","","",""
"The whole feature in one pass: open a check (kitchen fires, unpaid) → guest 1 pays cash (remaining halves) → guest 2 pays cash with change (closed:true, cashChange computed) → paymentStatus COMPLETED at the source of truth. Every leg response carries {leg, remaining, closed} with remaining recomputed server-side AFTER the leg.","621","TC-378: full lifecycle — open, settle in two cash legs, check closes and the order completes @smoke","pos","2026-09-01","passed","2026-09-01","POS — Table Service Open Checks","","",""
"DELETE /menu/menuItemId/:id → 409 {blockers:{deals:[…]}} while an active deal includes the item; after the deal is removed the same delete succeeds.","445","TC-272: an item referenced by an ACTIVE deal cannot be deleted (409 with blockers)","dashboard","2026-09-01","passed","2026-09-01","Owner — Menu API contract","","",""
"","41","TC-487: the tablet settings payload carries the dual-pricing contract (active, markup, percent, four notices)","pos","2026-09-01","passed","2026-09-01","POS — Dual pricing v2 (per-item cash tier)","","",""
"Checking the balance of a code that doesn't exist shows 'Card not found or invalid code'.","17310","TC-170: balance check shows not-found for a nonexistent code","customer","2026-09-01","failed","2026-09-01","Customer — Gift Cards","","",""
"The coupon code field has maxLength=20 — typing a longer string is truncated at the input level.","4399","TC-152: coupon code input truncates at 20 characters","dashboard","2026-09-01","passed","2026-09-01","Owner — Coupons","","",""
"","961","TC-504: the export hands back every imported balance","dashboard","2026-09-01","failed","2026-09-01","Admin — Importing existing gift cards","","",""
"The admin Restaurants tab loads a table with at least the seed restaurant visible.","12627","TC-32: admin can navigate to the Restaurants tab and see the list @smoke","dashboard","2026-09-01","failed","2026-09-01","Admin — Restaurant Management","","",""
"A minted STAFF-role member (no OVERRIDE_TERMINAL_LOCK) tries to sign in on device #1 while its register session is open and assigned to the manager: enforceRegisterLock refuses INSIDE sign-in itself → 403 STAFF_TERMINAL_LOCKED. DRAWER_NOT_YOURS (settle-cash's own ownership check) is never reached from this angle — recorded as the resolved discrepancy the brief flagged.","401","TC-431: a second PIN staff cannot even sign in while the register is open elsewhere — STAFF_TERMINAL_LOCKED fires first","pos","2026-09-01","passed","2026-09-01","POS — Register / Cash Drawer","","",""
"Clicking Store Settings in the portal sidebar appends ?tab=Store%20Settings to the URL.","2384","TC-16: owner can navigate to Store Settings via the sidebar","dashboard","2026-09-01","passed","2026-09-01","Owner — Restaurant Management Portal","","",""
"Typing a substring of a coupon's description into the search box also matches that coupon.","3706","TC-154: Manage Coupons search filters by description","dashboard","2026-09-01","passed","2026-09-01","Owner — Coupons","","",""
"","4686","TC-109: role filter narrows the list","dashboard","2026-09-01","passed","2026-09-01","Admin — User Management > List, search & filter","","",""
"","162","TC-488: a register order paid entirely in cash is priced at the cash tier (pre-tax discount, tax on the cash base)","pos","2026-09-01","passed","2026-09-01","POS — Dual pricing v2 (per-item cash tier)","","",""
"GiftCard.code is unique platform-wide, so importing to the wrong restaurant burns the numbers everywhere and the corrective import fails every row. Undo is the only way out of that without SQL.","333","TC-505: undoing an import frees the numbers for a corrective import","dashboard","2026-09-01","failed","2026-09-01","Admin — Importing existing gift cards","","",""
"At A: star the shared item → PATCH …/featured → B's Menu tab lists it under Featured Items too; star the location-only item → only A's Featured accordion has it. Both un-starred afterwards.","7059","TC-316: featuring a shared item at one location is chain-wide; a local item stays local","dashboard","2026-09-01","passed","2026-09-01","Owner — Chain menu (per-location overrides, shared vs local)","","",""
"","2638","TC-55: OWNER is denied the tax route (EMPLOYEE/ADMIN only)","dashboard","2026-09-01","passed","2026-09-01","Access — Role restrictions","","",""
"","3349","TC-56: owner can reach menu management @smoke","dashboard","2026-09-01","passed","2026-09-01","Access — Restaurant management (shared screens)","","",""
"","6711","TC-470: 'Card export' downloads the printer's data file for the batch","dashboard","2026-09-01","passed","2026-09-01","Admin — Physical gift card batches","","",""
"Flipping a program's Enabled switch persists to the backend; the test restores the original state so no automation is left accidentally enabled/disabled on QA.","4125","TC-203: the enabled switch toggles a program and persists","dashboard","2026-09-01","passed","2026-09-01","Admin — Marketing automations","","",""
"Add-item wizard end to end: Basic Information → three modifier groups (Size = Sets Final Price, min1/max1, Small default + Large; Extras = Adds to Price with Allow Multiples; Remove = Free) → skip image → Review auto-saves. The item detail page lists the groups under 'Customization Options' with Min/Max and the API stores the pricing modes and prices as entered (Free options at $0).","12262","TC-296: the wizard saves an item with a Sets-Final-Price size group, a paid extra and a free group","dashboard","2026-09-01","passed","2026-09-01","Owner — Menu builder, item wizard & item detail","","",""
"Searching orders for a query that matches nothing shows the 'No orders found' empty state instead of an error or a stale table.","4736","TC-70: searching for a nonexistent order shows the empty state","dashboard","2026-09-01","passed","2026-09-01","Owner — Orders Tab","","",""
"With the grid narrowed to the seed surname, Export Orders → Current View POSTs /api/order/statistics/export/:id with exportType=current + the search term and the browser receives orders_<date>[…].csv. The file has the 32 documented columns and exactly the three named seed rows (by receipt number). Adding the Pending status filter narrows the CSV to order A.","4269","TC-248: Export → Current View downloads a CSV of exactly the filtered orders","dashboard","2026-09-01","failed","2026-09-01","Owner — Orders Tab","","",""
"Add-item wizard step 0 → 'Browse Templates' → 'Menu Item Templates' gallery (lazy per cuisine) → Pizza → search 'pizza' → 'Use This Item' on the first result → the Item Name and Base Price fields are prefilled (no save).","3981","TC-298: 'Start from a Template' prefills name and price from the gallery","dashboard","2026-09-01","passed","2026-09-01","Owner — Menu builder, item wizard & item detail","","",""
"The admin Create Organization Coupon form offers the Free Delivery type; selecting it hides the Discount Value field (the fee waiver is computed at checkout) and repurposes Maximum Discount as the fee cap. Form is cancelled — nothing is created.","3934","TC-211: the org coupon form supports Free Delivery with no discount value","dashboard","2026-09-01","passed","2026-09-01","Admin — Marketing campaign events","","",""
"PATCH …/orders/:id/modify with the grown item list on an UNPAID tab: the server recomputes the total (delta just moves Order.total), balanceDue/requiresAdditionalPayment stay 0 (that machinery is for already-PAID orders), and the tables grid's remaining tracks the new total.","643","TC-377: adding items mid-meal raises the total and remaining follows — no balance-due machinery on an unpaid tab","pos","2026-09-01","passed","2026-09-01","POS — Table Service Open Checks","","",""
"Filling in a Stripe DECLINED test card and clicking Complete Order shows a Payment Error on the checkout page instead of reaching Order Confirmed.","7197","TC-64: a declined card shows a payment error and does not place the order","customer","2026-09-01","passed","2026-09-01","Customer — Order Placement","","",""
"A minOrderAmount coupon applies while two cart lines clear the minimum; removing one line triggers CouponSection's debounced revalidation, the backend 400s ('Order must be at least $X'), and the coupon is auto-removed with an explanatory error.","4495","TC-187: a coupon is auto-removed when the cart drops below its minimum order amount","customer","2026-09-01","passed","2026-09-01","Customer — Checkout coupon revalidation","","",""
"GET /api/deals/restaurant/:id/stats is what Deal Analytics renders. Delta assertion: +1 ACTIVE and +1 INACTIVE deal → totalCount +2, activeCount +1; a validDays-restricted ACTIVE deal still counts as active (activeCount is status + endDate only). Fresh deals add 0 timesUsed / revenue.","780","TC-340: /stats summary counts move with seeded deals; shape of topDeals/usageTrend/audienceDistribution","dashboard","2026-09-01","passed","2026-09-01","Owner — Deals API contract","","",""
"A gift card funded below the order total covers only part of the charge — the customer still pays the remainder via Stripe, and the order completes normally.","611","TC-178: a gift card that partially covers the order still requires Stripe payment for the remainder","customer","2026-09-01","failed","2026-09-01","Customer — Checkout gift card","","",""
"","32","TC-77: toggling status of a nonexistent user id is rejected","dashboard","2026-09-01","passed","2026-09-01","Admin — User Management > Settings tab — negative","","",""
"The margin guardrail applies at the POS too: an order below the coupon's minimum is rejected before any waiver is computed.","33","TC-221: validate rejects an order below the minimum","pos","2026-09-01","passed","2026-09-01","POS — Free-delivery coupon (validate contract)","","",""
"Filling the Notes field and clicking Save Changes PUTs /api/demo-requests/:id and the side sheet auto-closes on success (no toast). Reopening confirms the note persisted server-side.","4662","TC-07: admin can edit and save notes in the View/Edit Details side sheet","dashboard","2026-09-01","passed","2026-09-01","Admin — Demo Request Actions","","",""
"","3214","TC-61: unknown email shows an error","dashboard","2026-09-01","passed","2026-09-01","Public — Sign in","","",""
"A second device, flipped to KITCHEN_DISPLAY by the owner (device-mode PATCH), signs in the SAME manager and calls register/open → 400 with error:register.notRegisterDevice ('This device is not a register, so it has no cash drawer.'). The ONE deliberate second tabletLogin in this task.","519","TC-427: DEVICE_NOT_REGISTER — a KITCHEN_DISPLAY device refuses register/open","pos","2026-09-01","passed","2026-09-01","POS — Register / Cash Drawer","","",""
"serviceType PICKUP → the backend rejects a FREE_DELIVERY code with the delivery-only message; the POS surfaces it instead of applying a $0 coupon.","24","TC-220: validate rejects the code on a PICKUP order","pos","2026-09-01","passed","2026-09-01","POS — Free-delivery coupon (validate contract)","","",""
"Owner phone bookings are always ADVISORY (mode:'staff') — no min-notice/advance-window enforcement, so any date/time works. Submitting returns a confirmationCode and refreshes the day list (shared refresh), so the row is visible without a manual reload; cancelling via the row's kebab menu PATCHes status to CANCELLED.","4120","TC-445: phone-booking dialog — fill party/date+time/name/phone → confirmation code; appears in the day view with the right status chip; cancel updates it","dashboard","2026-09-01","passed","2026-09-01","Owner — Reservations","","",""
"Two tablet (host-stand) bookings in the EXACT same slot, capped at maxPartiesPerSlot:1 by the beforeAll full-week periods: the first is a clean 201 (no pacingExceeded); the second is ALSO 201, never a 409 — ADVISORY mode only ever flags `pacingExceeded:true`, matching the owner-portal booking's own ADVISORY behavior (task-2 TC-405).","305","TC-412: advisory overbook — a second tablet booking over the paced cap succeeds anyway and flags pacingExceeded","pos","2026-09-01","passed","2026-09-01","POS — Reservation Lifecycle (tablet host stand)","","",""
"","21612","TC-473: 'Freeze stock' freezes every unsold card in the batch; freezing again finds nothing","dashboard","2026-09-01","failed","2026-09-01","Admin — Physical gift card batches","","",""
"Tips are per-guest, per-leg (OrderPayment.tipAmount): leg amount = share + tip, and each successful leg atomically bumps Order.tip and Order.total by the tip — which is exactly what keeps remaining (total − Σ leg amounts) equal to the outstanding pre-tip check value. $20 check, guest 1 pays $10 + $2 tip → remaining 10, order total 22, tip 2; guest 2's plain $10 closes it.","625","TC-380: a tip on a cash leg rides on top — Order.tip/total bump, remaining consumes only the share","pos","2026-09-01","passed","2026-09-01","POS — Table Service Open Checks","","",""
"","541","TC-465: an owner can never comp their own order, and cannot claim the free tier on a $207 run","dashboard","2026-09-01","failed","2026-09-01","Admin — Supply shop","","",""
"100 cards: $1.95 + $12 shipping = $207.00, +25% spread = $258.75. The estimate card, the 'You won't be charged now' notice and the place button all carry the range (EN DASH). 'Add it to my next RestauNax invoice' renders only when the quote says credit is eligible — a throwaway tenant has no subscription, so the test branches on the API's answer.","818","TC-447: the brief form quotes a RANGE and says so — the invoice option only when credit is extended","dashboard","2026-09-01","passed","2026-09-01","Owner — Print Shop (supply shop)","","",""
"When POST /api/stripe/account/restaurant/:id/create fails, the page shows an inline error alert and stays on /setupStripe instead of redirecting to Stripe.","3108","TC-78: a failed Stripe account-create call shows an error and does not redirect","dashboard","2026-09-01","passed","2026-09-01","Owner — Payment Settings (Stripe Setup) > Setup page — pre-connection state (mocked)","","",""
"GET /api/deals/restaurant/:id augments each deal: computedStatus = EXPIRED when status is ACTIVE but endDate < now (status itself stays ACTIVE — expiry is computed on read, never written); hasOutOfStockItem / isAvailable reflect a required item's outOfStock; list is createdAt desc.","771","TC-327: owner list — computedStatus EXPIRED for a past endDate, isAvailable false when a required item is 86'd, newest first","dashboard","2026-09-01","passed","2026-09-01","Owner — Deals API contract","","",""
"Since #618 every deal handler asserts restaurant/deal ownership (was a global-capability IDOR — the seed owner could read a foreign restaurant's deals/stats/menu with 200). The seed owner now gets 403.","456","TC-347: a second owner cannot READ our deals, stats, deal-picker menu or a deal by id (RestauNax #618)","dashboard","2026-09-01","passed","2026-09-01","Owner — Deals API contract > authorization — another owner (the seed OWNER) against this tenant's deals","","",""
"By design (MenuManagementPage.handleManageMenu) there is no chain-scoped builder route: 'Manage shared menu (all locations)' lands on the builder of the location in focus (/restaurant/restaurantId/<member>), whose scope bar reads 'Editing menu for: <member> … this location only' with 'Switch to all 2 locations', shared categories carry the 'Shared · all 2 locations' chip, and 'New Category' offers the 'Who is this category for?' scope radio — the shared menu is managed from here via those scope choices.","4517","TC-319: 'Manage shared menu' from the chain shell opens a chain-aware LOCATION builder (no separate chain builder)","dashboard","2026-09-01","passed","2026-09-01","Owner — Chain menu (per-location overrides, shared vs local)","","",""
"","17754","TC-460: 'Finalise & charge' with no saved card parks the inputs and emails a payment link — nothing is charged twice","dashboard","2026-09-01","failed","2026-09-01","Admin — Supply shop","","",""
"A FREE_DELIVERY coupon with a $1 fee cap on a delivery order whose fee exceeds $1: only $1 is waived, so the order total drops by exactly the cap (not the whole fee) and the fee row does not read 'Free'. Skips cleanly on the same external-dependency conditions as TC-215.","14429","TC-218: a fee cap limits the waiver to the capped amount","customer","2026-09-01","skipped","2026-09-01","Customer — Free-delivery coupon","","",""
"At A: eye icon → dialog 'Remove ""<item>"" from this location's menu?' → 'Remove from menu' → PATCH …/carried {isCarried:false, restaurantId:A}; the row stays (owner view) with an 'Add back…' icon; the CUSTOMER menu for A omits the item while B's still has it; 'Add back' restores.","4986","TC-312: removing a shared item from one location's menu hides it on that storefront only","dashboard","2026-09-01","passed","2026-09-01","Owner — Chain menu (per-location overrides, shared vs local)","","",""
"Selecting an allowsDuplicates modifier reveals its Qty stepper; bumping quantity to 2 doubles that modifier's contribution ($10.00 + 2 × $1.50 = $13.00).","1961","TC-194: an allowsDuplicates modifier's quantity stepper multiplies its price","customer","2026-09-01","passed","2026-09-01","Customer — Item Modifiers","","",""
"DELETE .../manage/:manageToken on a BOOKED reservation → 200, status CANCELLED. A SECOND DELETE on the now-terminal reservation → 409 RESERVATION_INVALID_TRANSITION — the manage-cancel handler uses 409 deliberately (its own comment: a stale manage page reload is a conflict with current state, not a malformed request), diverging from the brief's assumed 400.","444","TC-422: manage cancel — DELETE cancels once; a repeat DELETE is a 409 conflict, not a 400","pos","2026-09-01","passed","2026-09-01","POS — Waitlist & Public Reservation Booking","","",""
"DELETE .../table-sections/:id → 409 TABLE_SECTION_NOT_EMPTY while any table (active or inactive) still points at it; moving the table out (PATCH sectionId:null) then lets the delete through.","352","TC-385: section delete refused while a table is assigned; succeeds once emptied","pos","2026-09-01","passed","2026-09-01","POS — Table Management (floor, tables, sections, combinations)","","",""
"GET /api/order/statistics/:orderId/receipt. History: this route 500'd for EVERY caller (invalid Restaurant.street select thrown before the #621 tenant check — found 2026-08-19 while implementing these pins, fixed in RestauNax #622). Now: intruder → 403, unknown order → 404, owner → 200 with the order payload.","159","TC-227b: the receipt route enforces ownership (was a 500 for everyone)","dashboard","2026-09-01","passed","2026-09-01","Owner — Orders API auth & tenant isolation","","",""
"With tableServiceEnabled:false AND the TABLE_RESERVATIONS entitlement revoked, GET /restaurant/:rid/tables → 403 TABLE_MANAGEMENT_NOT_ENABLED. Restores both in `finally` — the capability-split tests after this one need the entitlement, per the tablet host-stand gating discrepancy noted in the file header.","343","TC-392: floor family gated on tableServiceEnabled OR the entitlement — neither present refuses","pos","2026-09-01","passed","2026-09-01","POS — Table Management (floor, tables, sections, combinations)","","",""
"Seed dedup regression: after renewals + container-restart seeds, each recurring holiday exists exactly once (the original bug re-created current-year duplicates pointing at expired coupons).","202","TC-199: recurring holiday events are never duplicated across years","dashboard","2026-09-01","passed","2026-09-01","Admin — Marketing campaign events","","",""
"The intruder (a real OWNER with VIEW_RESTAURANT, owning a different restaurant) hits the statistics READ routes with the seed restaurant's id / order id → 403 on every one (RestauNax #621; before it, the routes checked only the permission and leaked customer PII cross-tenant). Positive controls: the seed owner gets 200 on the same URLs, and the intruder gets 200 on their OWN restaurant. Unknown order ids are 404 — the lookup runs before the ownership check, so ids can't be probed for existence via the 403. The receipt route is pinned separately (TC-227b).","574","TC-227: another owner cannot read a restaurant's order list, stats or order detail","dashboard","2026-09-01","passed","2026-09-01","Owner — Orders API auth & tenant isolation","","",""
"","5142","TC-440: settings form — change grace + default duration through ONE save button; saved values survive reload","dashboard","2026-09-01","passed","2026-09-01","Owner — Reservations","","",""
"Builder card body click → …/groupId/:gid/itemId/:iid with the item's name and price rendered and the bottom bar (Preview / Edit / Delete). 'Edit' → …/edit wizard with the name prefilled; browser Back returns to the detail page.","20921","TC-300: clicking a card opens the item detail page; Edit opens the edit wizard","dashboard","2026-09-01","failed","2026-09-01","Owner — Menu builder, item wizard & item detail","","",""
"Every catalog product needs artwork, so commit lands in IN_DESIGN (not PLACED). The row shows the range as an estimate, paymentTerm is IMMEDIATE, and the 'designStarted' email names the order.","1106","TC-448: placing the order charges nothing — it lands in 'We're designing it' with the estimate, and the owner is told so by email","dashboard","2026-09-01","failed","2026-09-01","Owner — Print Shop (supply shop)","","",""
"Searching for a code that doesn't exist shows the 'No coupons found' empty state.","3206","TC-155: Manage Coupons search with no matches shows the empty state","dashboard","2026-09-01","passed","2026-09-01","Owner — Coupons","","",""
"Re-creating a period with the SAME dayOfWeek+startTime+endTime as an existing one (one of TC-400's full-day periods) → 409 RESERVATION_PERIOD_DUPLICATE. A different window on the same day would be fine — only the exact duplicate is refused.","209","TC-402: duplicate period — the exact same day+start+end refuses with 409","pos","2026-09-01","passed","2026-09-01","POS — Reservation Configuration (settings, periods, turn times, overrides, phone booking)","","",""
"Opening a check on a table (explicit tableId) derives OCCUPIED on GET /api/tablet/floor with an openChecks summary carrying the order id; cancelling the order (no register in this file — cash settlement is file 03's territory) returns the table to AVAILABLE.","604","TC-395: floor state derivation — OCCUPIED while a check is open, AVAILABLE once cancelled","pos","2026-09-01","passed","2026-09-01","POS — Table Management (floor, tables, sections, combinations)","","",""
"100 → $1.95/$12 · 250 → $1.45/$15 · 500 → $1.10/$18; spread 25%; no free tier on a $207 run.","232","TC-478: the quote is arithmetic on the tier — and the estimate is that arithmetic +25% on both subtotal and shipping","dashboard","2026-09-01","passed","2026-09-01","Owner — Supply shop API contract","","",""
"POST /api/demo-requests with the email field omitted entirely is rejected with a 4xx status, bypassing the frontend's HTML5 required-field check.","23","TC-80: submitting a demo request with no email is rejected","dashboard","2026-09-01","passed","2026-09-01","API — Negative cases","","",""
"PATCH /menu/menu-items/:id/featured {featured:true} succeeds up to 5 featured items per standalone restaurant and rejects the 6th with 'You can only have 5 featured items'; un-featuring one frees the slot. Runs on a throwaway second-owner restaurant so the seed restaurant's real featured list is never touched.","1805","TC-270: a standalone restaurant can feature at most 5 items","dashboard","2026-09-01","passed","2026-09-01","Owner — Menu API contract","","",""
"","544","TC-491: an untouched check settled whole in cash is re-priced at the cash tier and collects exactly the cash total; a partly paid check is refused","pos","2026-09-01","passed","2026-09-01","POS — Dual pricing v2 (per-item cash tier)","","",""
"POST /api/deals/restaurant/:id with Burger ×2 + Fries at dealPrice 20 → 201. originalPrice = 26.50 (2×10 + 6.50), savingsAmount 6.50, savingsPercentage 24.5 (1 dp), status ACTIVE, imageUrl null (the image is generated by a worker later), and the qty-2 slot is stored as TWO qty-1 DealItem rows (the platform-wide 'one row per unit' invariant) with sortOrder preserved.","463","TC-325: create computes the money fields server-side, defaults to ACTIVE and splits quantity into qty-1 slots","dashboard","2026-09-01","passed","2026-09-01","Owner — Deals API contract","","",""
"","3467","TC-356: the status switch deactivates and re-activates a deal (PATCH 200 + snackbar + badge)","dashboard","2026-09-01","passed","2026-09-01","Owner — Deals","","",""
"Navigating directly to /restaurant/stores with no session redirects to /sign-in rather than rendering the dashboard.","2667","TC-71: an unauthenticated visitor hitting the owner restaurant list is redirected to sign-in","dashboard","2026-09-01","passed","2026-09-01","Access — Unauthenticated","","",""
"End user navigates to /demo, fills personal and business info, submits the form, and sees the success dialog.","20754","TC-01: submit demo request form and display success confirmation","dashboard","2026-09-01","failed","2026-09-01","Demo Request — Public Form","","",""
"","3112","TC-107: search finds a user by email","dashboard","2026-09-01","passed","2026-09-01","Admin — User Management > List, search & filter","","",""
"IMMEDIATE with no card on file falls back to a hosted Checkout: the price is finalised ($207.00, shown in place of the estimate), the row grows a Pay button pointing at Stripe, and the 'paymentNeeded' email carries the same link. Completing Checkout is out of reach on QA (Radar hCaptcha).","161","TC-453: the admin's Finalise on a tenant with no saved card becomes 'Awaiting payment' + a 'Pay $… to print' link — never a silent charge","dashboard","2026-09-01","failed","2026-09-01","Owner — Print Shop (supply shop)","","",""
"Drives a real customer Stripe checkout on Template Wind, then cancels that order from the owner dashboard. Cancel Order's nested dialog smart-detects a completed Stripe payment and switches to the refund copy/button ('Cancel & Refund'), which triggers a real stripe.refunds.create on confirm (PUT /api/order/statistics/cancel/:orderId).","39341","TC-225 @stripe: owner cancels a Stripe-paid order and triggers a real refund","dashboard","2026-09-01","failed","2026-09-01","Owner — Orders journey (customer → owner)","","",""
"Opening Edit on a coupon loads its current code/value into the form (read-only pre-fill check — does not submit).","5544","TC-162: Edit pre-fills the form with the coupon's existing values","dashboard","2026-09-01","passed","2026-09-01","Owner — Coupons","","",""
"One $20 check, two $10 cash legs: the first answers closed:false with remaining 10; the second closes it (closed:true, remaining 0).","431","TC-432: split tenders — two cash legs close a check, the first leaves it open with the correct remaining","pos","2026-09-01","passed","2026-09-01","POS — Register / Cash Drawer","","",""
"Two owner (phone) bookings in the exact same slot, capped at maxPartiesPerSlot:1 by TC-400's full-day periods: the first is a clean 201; the second is ALSO 201 (never a 409) but carries data.pacingExceeded:true — a host taking a call may deliberately overbook, unlike the (not yet built) STRICT public booking widget.","294","TC-405: owner phone booking is ADVISORY — a second booking over the cap creates anyway and flags pacingExceeded","pos","2026-09-01","passed","2026-09-01","POS — Reservation Configuration (settings, periods, turn times, overrides, phone booking)","","",""
"","3087","TC-103: submit is disabled until a role is selected","dashboard","2026-09-01","passed","2026-09-01","Admin — User Management > Invite dialog","","",""
"With the deal auto-added but its slot unfilled, the checkout proceed button is disabled and labeled 'Complete Deals to Continue'.","2638","TC-196: an incomplete deal blocks checkout with 'Complete Deals to Continue'","customer","2026-09-01","passed","2026-09-01","Customer — Deals","","",""
"Presence-only: the paid POST /api/deals/ai/generate is never triggered. Asserts the 3-step stepper, the questionnaire radios rendered from the public GET /api/deals/ai/questions, that Meal Type is disabled (defaults to All Day), and that 'Generate Deals' is disabled until audience + price range are picked.","3035","TC-364: AI Deal Generator smoke — stepper, server questionnaire, Generate gated on the required answers (never clicked)","dashboard","2026-09-01","passed","2026-09-01","Owner — Deals","","",""
"PUT /menu/menu-items/:id/modifier-order persists sortOrder = array position at every level; a group id that doesn't belong to the item matches zero rows (its own sortOrder is untouched).","527","TC-267: modifier reorder is index-based and ignores foreign ids","dashboard","2026-09-01","passed","2026-09-01","Owner — Menu API contract","","",""
"Filtering by 'Active' hides an expired coupon (seeded with a past end date) from the list.","3699","TC-156: Manage Coupons status filter narrows to Active","dashboard","2026-09-01","passed","2026-09-01","Owner — Coupons","","",""
"Clicking Customers in the portal sidebar loads the customer directory: the sub-tabs (All Customers / Customer Groups), the search field, and the Total Customers stat are all present.","4005","TC-136: owner can open the Customers tab and see the directory @smoke","dashboard","2026-09-01","passed","2026-09-01","Owner — Customers Tab","","",""
"On-behalf COMP → proof → Fulfil (no price section, 'Comped — nothing is charged.', button reads 'Place with vendor') → IN_PRODUCTION with total 0 and paidAt set, a GiftCardBatch on the order, the 'on us' email, and Finance's comped cost up by the vendor cost.","14448","TC-462: a COMPED order goes to print with nothing charged — and minting the card batch is what fulfilment does","dashboard","2026-09-01","failed","2026-09-01","Admin — Supply shop","","",""
"","381","TC-501: an imported card is redeemable at the restaurant that imported it","dashboard","2026-09-01","failed","2026-09-01","Admin — Importing existing gift cards","","",""
"","145","TC-489: a claimed discount that does not match the line math is refused; a card tender never gets one","pos","2026-09-01","passed","2026-09-01","POS — Dual pricing v2 (per-item cash tier)","","",""
"Every catalog product needs artwork, so commit lands in IN_DESIGN (not PLACED). The row shows the range as an estimate, paymentTerm is IMMEDIATE, and the 'designStarted' email names the order.","15096","TC-448: placing the order charges nothing — it lands in 'We're designing it' with the estimate, and the owner is told so by email","dashboard","2026-09-01","failed","2026-09-01","Owner — Print Shop (supply shop)","","",""
"Creating a chain requires a founding restaurant that already has a menu, an assigned owner, and doesn't belong to a chain yet. This seeds a throwaway restaurant + menu via the API and assigns the seed OWNER account to it (never the shared seed restaurant, since chain membership isn't easily undone — there's no DELETE chain endpoint), then drives the real Create Chain UI flow: search the founding store, submit, land on the auto-opened detail panel, and confirm the new chain shows up back in the list.","21070","TC-223: admin creates a chain from a founding restaurant","dashboard","2026-09-01","failed","2026-09-01","Admin — Chains","","",""
"","2","TC-291: featuring an item adds it to the Featured accordion with an n/5 counter; the 6th is refused","dashboard","2026-09-01","skipped","2026-09-01","Owner — Menu tab (availability / featured)","","",""
"The safe half of the run-now contract: a disabled program returns 400 and creates zero sends. (Run-now on an enabled program sends real mail and is intentionally not automated.)","142","TC-205: run-now on a disabled automation is rejected without sending","dashboard","2026-09-01","skipped","2026-09-01","Admin — Marketing automations","","",""
"A customer landing on /checkout without anything in the cart gets the 'Your Cart is Empty' screen instead of the checkout form.","1407","TC-185: /checkout with an empty cart shows the empty-cart message","customer","2026-09-01","passed","2026-09-01","Customer — Checkout","","",""
"","3478","TC-355: expanding a row lists its slots as '1x <item> ($price)' chips","dashboard","2026-09-01","passed","2026-09-01","Owner — Deals","","",""
"","1","TC-169: balance check shows the correct balance for a freshly purchased card","customer","2026-09-01","skipped","2026-09-01","Customer — Gift Cards","","",""
"The feature is a per-restaurant rollout flag. With RestaurantSettings.tableServiceEnabled=false, POST /api/tablet/create-order {openCheck:true} → 403 (not a half-created tab); flipping the flag back on restores the path.","312","TC-372: openCheck is refused with a clean 403 while tableServiceEnabled is off","pos","2026-09-01","passed","2026-09-01","POS — Table Service Open Checks","","",""
"Clean tenant → active-count {activeDealsCount:0, maxActiveDeals:10, slotsAvailable:10}. Ten ACTIVE deals plus one INACTIVE candidate are built; PATCH-ing the candidate to ACTIVE returns 400 {error:'MAX_ACTIVE_DEALS_REACHED', maxActiveDeals:10, currentActiveDeals:10} with the i18n message the dashboard shows as a warning snackbar. Freeing a slot lets it through.","1956","TC-335: active-count contract; PATCH → ACTIVE at 10/10 is refused with MAX_ACTIVE_DEALS_REACHED","dashboard","2026-09-01","passed","2026-09-01","Owner — Deals API contract > MAX_ACTIVE_DEALS","","",""
"DealsDashboard used to reset the page index only on a rows-per-page change, so a search typed while on page 2 that matched ≤ 5 rows rendered an empty table. #618 resets to page 0 on search / status-filter change.","4093","TC-358: searching from page 2 shows the matching row — pagination resets on filter (RestauNax #618)","dashboard","2026-09-01","passed","2026-09-01","Owner — Deals","","",""
"Selecting the 'Last 7 days' preset and applying it re-fetches the dashboard for the new window: the request fires, the picker closes, and the page resolves again with no load error.","13500","TC-129: changing the range to Last 7 days reloads the dashboard","dashboard","2026-09-01","failed","2026-09-01","Owner — Analytics Tab","","",""
"After narrowing the Order Status filter, the Reset button returns it to 'All Statuses' so the owner can clear a filter without reloading the page.","6021","TC-133: resetting the filters restores the default status","dashboard","2026-09-01","passed","2026-09-01","Owner — Orders Tab","","",""
"POST /restaurant/:rid/tables: an empty name → 400 TABLE_NAME_REQUIRED; minCapacity exceeding capacity → 400 TABLE_CAPACITY_INVALID; a second table reusing an existing name → 409 TABLE_NAME_CONFLICT.","309","TC-386: table create validation — missing name, bad capacity, duplicate name","pos","2026-09-01","passed","2026-09-01","POS — Table Management (floor, tables, sections, combinations)","","",""
"Owner navigates to /restaurant/restaurantId/:id/subscription — this route is permission-gated (MODIFY_RESTAURANT), not role-gated, and the seed owner holds that permission.","2626","TC-84: owner can reach the Subscription Management page","dashboard","2026-09-01","passed","2026-09-01","Owner — Subscription & Billing","","",""
"Base $10.00 item + $1.50 ADJUSTS_PRICE add-on → the Add to Cart label's live price reads $11.50.","1541","TC-192: an ADJUSTS_PRICE modifier adds its price to the item total","customer","2026-09-01","passed","2026-09-01","Customer — Item Modifiers","","",""
"","207","TC-285: another owner must not create into, or delete, our category","dashboard","2026-09-01","passed","2026-09-01","Owner — Menu API contract > authorization — a second owner against our menu","","",""
"","25","TC-L07: a missed asset 404s instead of returning HTML","customer-lima","2026-09-01","passed","2026-09-01","Lima — slug resolution","","",""
"PATCH …/tab/table {tableName} upserts the destination table by name (zero-config, same rule as open) and moves tableId + tableNumber; GET /tables shows the check under the destination and no longer under the source.","549","TC-376: transferring the check to another table re-stamps it and the grid follows","pos","2026-09-01","passed","2026-09-01","POS — Table Service Open Checks","","",""
"","3644","TC-60: invalid credentials show an error","dashboard","2026-09-01","passed","2026-09-01","Public — Sign in","","",""
"","4694","TC-442: create a service period with caps through the form; the online toggle then succeeds","dashboard","2026-09-01","passed","2026-09-01","Owner — Reservations","","",""
"The real proof: UI state alone is too weak, because a token can be attached to API calls while the UI still looks logged out. apiService's request interceptor is the line this guards.","4022","TC-L12: a second tenant sends no Authorization header @smoke","customer-lima","2026-09-01","passed","2026-09-01","Lima — tenant isolation on a shared origin","","",""
"The common (non-Stripe) cancel path that TC-225 does not cover. For an unpaid order the nested dialog shows no 'will be refunded' copy and its confirm button reads 'Cancel Order' (not 'Cancel & Refund'). Confirming PUTs /api/order/statistics/cancel/:id → {success:true, action:'CANCELLED'}, a success alert shows, the sheet auto-closes; re-opening shows the Cancelled chip with no Cancel / Mark-as buttons and no Order Progress stepper.","9579","TC-246: owner cancels an UNPAID order — no refund copy, order becomes Cancelled and loses its actions","dashboard","2026-09-01","passed","2026-09-01","Owner — Orders Tab","","",""
"The edit dialog offers Email and SMS channel switches; flipping SMS on reveals the SMS message editor. Dialog is cancelled — nothing persists.","4561","TC-213: SMS controls live in the edit dialog behind the channel toggle","dashboard","2026-09-01","passed","2026-09-01","Admin — Marketing automations","","",""
"With a $0.25 item (server-quoted total lands between $0.01 and $0.49), checkout disables the proceed button — label 'Minimum $0.50 Required' — and shows the explainer banner. No order is created.","2316","TC-188: a quoted total under Stripe's $0.50 minimum blocks payment","customer","2026-09-01","passed","2026-09-01","Customer — Checkout Stripe minimum","","",""
"POST register/open {openingFloat:100} → 201 on device #1 (a REGISTER-mode device the manager self-authorizes via OPEN_REGISTER). A second open while one is already active → 400 error:register.alreadyOpen.","237","TC-428: open succeeds once; a second open on the same device is refused","pos","2026-09-01","passed","2026-09-01","POS — Register / Cash Drawer","","",""
"MenuPage's landing-page deep link: /menu?restaurantId=<id>&item=<itemId> auto-opens the item modal (and scrolls to its group) once the menu loads — no card click needed.","1104","TC-184: the ?item= deep link auto-opens that item's modal","customer","2026-09-01","passed","2026-09-01","Customer — Menu Browsing","","",""
"Every automation exposes the same funnel the event campaigns report — pending/sent/failed/skipped/opened/clicked/redeemed/discountValueGiven — all numeric, so 'what worked' is always answerable.","219","TC-212: the stats endpoint returns the full campaign-grade funnel","dashboard","2026-09-01","passed","2026-09-01","Admin — Marketing automations","","",""
"Filling the sign-up form and submitting redirects off /sign-up to the dashboard home. A fresh self-serve account is role USER (with only VIEW_RESTAURANT) — it does not become OWNER until the account creates a restaurant.","4336","TC-93: a visitor can register a new account","dashboard","2026-09-01","passed","2026-09-01","Public — Sign up","","",""
"Clicking the copy-code icon on a row copies the code to the clipboard and shows a confirmation toast.","3849","TC-158: owner can copy a coupon code from the Manage Coupons list","dashboard","2026-09-01","passed","2026-09-01","Owner — Coupons","","",""
"Builder for burger ×2 + fries @ $21: header 'Save 21%' + 'You save $5.50' + 'Available: All days, All day' (validDays = every day), three slot cards, '0 of 3 items added'. Each 'Add to Deal' fills a slot → 'Deal Complete!'. Checkout: 3× 'Part of deal', '1x <deal>' row, 'You're saving $5.50', proceed button is the normal 'Proceed to Payment', and the POST /quote the page issues carries orderDeals and comes back with dealsSubtotal 21 / subtotal 21.","4759","TC-368: a multi-slot deal is built slot by slot; checkout shows 'Part of deal', the deal line, 'You're saving', and the /quote the page makes prices it at the deal price","customer","2026-09-01","passed","2026-09-01","Deals → Storefront hand-off","","",""
"","1","TC-292: Refresh re-fetches the menu and reflects a change made outside the page","dashboard","2026-09-01","skipped","2026-09-01","Owner — Menu tab (availability / featured)","","",""
"PUT a partial patch (graceMinutes, defaultDurationMinutes); GET reflects the new values while every untouched field keeps its schema default (this is the first write to ReservationSettings for this restaurant — the PUT lazy-creates the row).","235","TC-397: settings round-trip — a partial PUT updates only the fields sent","pos","2026-09-01","passed","2026-09-01","POS — Reservation Configuration (settings, periods, turn times, overrides, phone booking)","","",""
"","3131","TC-59: valid credentials reach the dashboard @smoke","dashboard","2026-09-01","passed","2026-09-01","Public — Sign in","","",""
"","4","TC-306: the Clone Menu dialog opens with its source-restaurant step (smoke, no clone)","dashboard","2026-09-01","skipped","2026-09-01","Owner — Menu builder, item wizard & item detail","","",""
"Submitting the create-coupon form with no code is blocked and no coupon is created. Note: like TC-147, the code TextField is a real required HTML input, so the browser's native constraint validation intercepts the submit before React's own validateForm()/'Coupon code is required' message ever gets a chance to run (confirmed live: no POST /api/coupons request is sent).","3704","TC-150: an empty coupon code is rejected","dashboard","2026-09-01","passed","2026-09-01","Owner — Coupons","","",""
"Auth is localStorage and cart is sessionStorage, deliberately: a customer should stay logged in across a refresh, and holding reward accounts at several restaurants at once is the upside of a shared origin. Cross-tenant non-travel is covered by TC-L12, which asserts on the Authorization header — this is about persistence, not leakage.","2473","TC-L52: a reward token survives a reload, unlike the cart","customer-lima","2026-09-01","passed","2026-09-01","Lima — reward member login","","",""
"Choosing a custom range far in the past (before the restaurant existed) makes the stats endpoint return 0 orders; the header swaps the cards for 'No orders in this date range' and its CTA re-opens the date picker.","5050","TC-251: a date range with no orders shows the empty state with a 'Change date range' CTA","dashboard","2026-09-01","passed","2026-09-01","Owner — Orders Tab","","",""
"For a DELIVERY order the sheet gains a Delivery Info tab with the street/unit, city/state/zip, the customer's delivery notes and (no courier dispatched) 'Delivered by the restaurant'. A PICKUP order has only Order Details + Customer Info.","4745","TC-243: the Delivery Info tab shows the delivery address and notes; pickup orders have no such tab","dashboard","2026-09-01","passed","2026-09-01","Owner — Orders Tab","","",""
"Deterministic proof that the report aggregates real order data: after seeding 3 CONFIRMED orders at the seed item's real price, the current business day's KPIs (from GET /restaurant/:id/daily-close?include=report) have grown by at least the seeded order count and net-sales amount vs. the pre-seed baseline. Uses >= (not ==) because other specs may add orders to the same day concurrently — they only ever increase it.","359","TC-142: the seeded orders are reflected in today's Daily Report KPIs","dashboard","2026-09-01","passed","2026-09-01","Owner — Daily Report Tab","","",""
"","3590","TC-113: OWNER detail exposes all tabs incl. read-only Restaurants","dashboard","2026-09-01","passed","2026-09-01","Admin — User Management > Detail side sheet","","",""
"","3561","TC-112: USER detail shows the role-appropriate tabs","dashboard","2026-09-01","passed","2026-09-01","Admin — User Management > Detail side sheet","","",""
"POST /api/tablet/reservations with a clientRequestId: the first call is 201; replaying the identical clientRequestId is 200 with the SAME reservation id (idempotency fast-path in createReservationSlotChecked).","257","TC-411: clientRequestId replay — the same body+id twice answers the SAME reservation, second call replayed","pos","2026-09-01","passed","2026-09-01","POS — Reservation Lifecycle (tablet host stand)","","",""
"PUT /menu/menu-items/:id/changes takes {name?, price?, modifierGroups:{deleted[], added[], modified[]}} and applies it transactionally; body.menuItemId must equal the path id (400 otherwise).","441","TC-266: the deep-editor diff payload adds, modifies and deletes modifier groups in one call","dashboard","2026-09-01","passed","2026-09-01","Owner — Menu API contract","","",""
"Quote-wiring coverage for delivery (not a full delivery order — that needs QA's delivery provider + a deliverable address): selecting Delivery and entering an address fires /api/delivery/quote and the UI resolves to either an available fee or a not-available message. Skips cleanly when the restaurant is pickup-only or Google Places yields no suggestion (external dependency).","12769","TC-126: selecting Delivery drives the address → quote round-trip","customer","2026-09-01","skipped","2026-09-01","Customer — Checkout coupon & delivery","","",""
"Typing a receipt number into the search box sends it as ?search= (the backend strips a leading '#', matches receiptNumber `contains` + exact orderNumber) and the seeded order's row is in the grid. `contains` can legitimately return other receipts that embed the digits, so we assert our row is present and every returned row matches — not totalCount===1.","3345","TC-231: searching by receipt number returns the seeded order","dashboard","2026-09-01","passed","2026-09-01","Owner — Orders Tab","","",""
"","2398","TC-81: OWNER is denied the loyalty route (EMPLOYEE/ADMIN only)","dashboard","2026-09-01","passed","2026-09-01","Access — Role restrictions","","",""
"With serviceType DELIVERY and a fee above the cap, validate returns a deliveryDiscount limited to the coupon's $5 cap and echoes the cap — the values the POS renders as the waived-fee line.","36","TC-219: validate returns the capped waiver + cap for a DELIVERY order","pos","2026-09-01","passed","2026-09-01","POS — Free-delivery coupon (validate contract)","","",""
"Storefront /menu renders the DealCard for the API-seeded combo (name, 'Save 21%', 'Includes:' one '1x' chip per slot row, struck $26.50 / $21.00, 'View Deal' → /deals/<id>). The owner flips the row's switch OFF in ?tab=deals → the storefront no longer offers it (public /active hides INACTIVE); ON → back.","8835","TC-367: 'Today's Deals' on /menu offers the owner's deal; toggling it OFF in Manage Deals removes it, ON brings it back","customer","2026-09-01","passed","2026-09-01","Deals → Storefront hand-off","","",""
"","4052","TC-105: Owner role reveals the restaurant autocomplete","dashboard","2026-09-01","passed","2026-09-01","Admin — User Management > Invite dialog","","",""
"POST /api/order/statistics/export/:id with a search that matches nothing → 400 'No orders found'. With the seed surname → 200 text/csv whose header is the 32 documented columns and whose 'Order Number' column (the receipt number) includes our seeded order.","386","TC-260: CSV export rejects an empty result set and streams a 32-column CSV otherwise","dashboard","2026-09-01","failed","2026-09-01","Owner — Orders API contract","","",""
"","1348","TC-L20: the embed link lands on the tenant's menu @smoke","customer-lima","2026-09-01","passed","2026-09-01","Lima — basename routing","","",""
"REPLACES_PRICE size group on a $10.00 item: the default Small ($8.00) prices the item at $8.00; switching to Large reprices to $12.00 — the base price is replaced, not adjusted.","1975","TC-193: a REPLACES_PRICE modifier overrides the base price","customer","2026-09-01","passed","2026-09-01","Customer — Item Modifiers","","",""
"The order-detail sheet's status control is a single forward-only 'Mark as {next status}' button (OrderDetailsDialog.tsx's getNextStatus()), not a dropdown — clicking it PUTs /api/order/orderId/:id/status and the button advances to the next status in the sequence.","3372","TC-224: owner advances an order's status via Mark as X","dashboard","2026-09-01","passed","2026-09-01","Owner — Orders Tab","","",""
"First, close out the session TC-428 opened (carrying TC-429/430/432's cash legs) with no assertion on its own figure — just freeing the device for a clean pair of probes. Then TWO fresh open+close cycles with NO sales in between, so expectedCash is exactly the opening float: countedCash == float → overShort 0 (""the float back exactly"" IS the exact-match case); countedCash 5 LESS than float → overShort -5 (sign convention: countedCash - expectedCash, confirmed against registerSessionService.ts's own header comment — short is negative).","428","TC-433: blind-count close — an exact count zeroes overShort; a 5-off recount is NEGATIVE five (short)","pos","2026-09-01","passed","2026-09-01","POS — Register / Cash Drawer","","",""
"The stepper shows all four steps: Check Status, Create Account, Verify Details, Start Accepting.","2930","TC-47: setup page shows the 4-step Stripe onboarding stepper","dashboard","2026-09-01","passed","2026-09-01","Owner — Payment Settings (Stripe Setup) > Setup page","","",""
"","66","TC-L02: a chain slug resolves to chain mode","customer-lima","2026-09-01","passed","2026-09-01","Lima — slug resolution","","",""
"POST creates a period on a window distinct from TC-400's full-day coverage (no exact-duplicate collision); PATCH edits its times; GET lists it alongside the full-week periods. dayOfWeek=7 (out of 0-6) and start>=end are both refused with 400.","446","TC-401: service periods CRUD — create, patch, list; invalid dayOfWeek and start>=end both 400","pos","2026-09-01","passed","2026-09-01","POS — Reservation Configuration (settings, periods, turn times, overrides, phone booking)","","",""
"Editing a coupon's discount value and saving persists the new value. This previously 500'd server-side because the form sent `value` as a string but Prisma's coupon.update() expects a Float (RestauNax #481); the fix coerces numeric fields on both the form and the update controller. Verifies the update toast appears and the new value is reflected server-side.","5848","TC-92: owner can edit an existing coupon's discount value","dashboard","2026-09-01","passed","2026-09-01","Owner — Coupons","","",""
"Before RestauNax #621 this route had no auth middleware and returned every order on the platform (~170 MB of PII on QA). The route is now DELETED: 'now' falls through to the public GET /api/order/:orderId matcher and is treated as an order id, so Express answers 404 ORDER_NOT_FOUND (pinned live on QA 2026-08-19). Anything in the 401/404 family is acceptable; a 200 with a body is the regression this test exists to catch.","75","TC-226: the anonymous all-orders dump GET /api/order/now is gone @smoke","dashboard","2026-09-01","passed","2026-09-01","Owner — Orders API auth & tenant isolation","","",""
"Submitting the sign-up form with an email that already has an account shows an error banner and keeps the visitor on /sign-up.","6565","TC-94: registering with an already-used email is rejected","dashboard","2026-09-01","passed","2026-09-01","Public — Sign up","","",""
"When Stripe is not connected the page shows a 'What You'll Need' checklist with Personal Information, Business Details, Bank Account, and Payout Settings.","2355","TC-50: setup page shows the What You'll Need requirements section","dashboard","2026-09-01","passed","2026-09-01","Owner — Payment Settings (Stripe Setup) > Setup page — pre-connection state (mocked)","","",""
"","84","TC-468: the supply-shop admin API is gated by ROLE — an employee gets 403 whatever the sidebar shows","dashboard","2026-09-01","skipped","2026-09-01","Admin — Supply shop","","",""
"Navigating directly to a restaurant's management URL with no session redirects to /sign-in instead of leaking restaurant data.","2407","TC-73: an unauthenticated visitor hitting a specific restaurant management page is redirected to sign-in","dashboard","2026-09-01","passed","2026-09-01","Access — Unauthenticated","","",""
"","8","TC-304: Reorder modifiers — keyboard drag in the sheet persists the new order","dashboard","2026-09-01","skipped","2026-09-01","Owner — Menu builder, item wizard & item detail","","",""
"Single-select groups render real radio inputs sharing one name: choosing a second option deselects the first.","1734","TC-190: a maxSelections=1 group behaves as a radio — picking B replaces A","customer","2026-09-01","passed","2026-09-01","Customer — Item Modifiers","","",""
