"DESCRIPTION","DURATION IN MS","NAME","PARENT SUITE","START TIME","STATUS","STOP TIME","SUB SUITE","SUITE","TEST CLASS","TEST METHOD"
"A customer landing on /checkout without anything in the cart gets the 'Your Cart is Empty' screen instead of the checkout form.","1344","TC-185: /checkout with an empty cart shows the empty-cart message","customer","2026-08-24","passed","2026-08-24","Customer — Checkout","","",""
"A gift card whose balance has been adjusted down to $0 (admin) is rejected at checkout with a 'no remaining balance' error.","386","TC-174: a depleted gift card is rejected","customer","2026-08-24","failed","2026-08-24","Customer — Checkout gift card","","",""
"Submitting a coupon with a discount value outside 1-100 shows a validation error and does not create the coupon.","3776","TC-63: an invalid discount percentage is rejected","dashboard","2026-08-24","passed","2026-08-24","Owner — Coupons","","",""
"Switch OFF → ConsequenceDialog 'Mark ""X"" as sold out?' → 'Mark sold out' → PATCH /menu/menu-items/:id/availability {outOfStock:true} → row chip 'Out of Stock', category chips '5 Available' / '1 Out of Stock', toast. Switch ON → no dialog, {outOfStock:false}, chips back to 6/0. Cancel in the dialog leaves the item available.","5521","TC-289: turning an item off asks for confirmation, PATCHes availability and updates the chips; turning it on does not","dashboard","2026-08-24","passed","2026-08-24","Owner — Menu tab (availability / featured)","","",""
"The feature is a per-restaurant rollout flag. With RestaurantSettings.tableServiceEnabled=false, POST /api/tablet/create-order {openCheck:true} → 403 (not a half-created tab); flipping the flag back on restores the path.","316","TC-372: openCheck is refused with a clean 403 while tableServiceEnabled is off","pos","2026-08-24","passed","2026-08-24","POS — Table Service Open Checks","","",""
"PATCH …/price-override on an item of a standalone restaurant → 400 'only available for chain master items'; without restaurantId → 400; without a token → 401 (the routes sit behind requireAuth — CHANNEL_PRICING_DESIGN.md claims otherwise; this pins the code).","368","TC-274: override routes reject standalone items, require restaurantId and a token","dashboard","2026-08-24","passed","2026-08-24","Owner — Menu API contract","","",""
"Tip is client-selected but the charged total is the server quote (amountToCharge): raising the tip preset raises the quoted Total, zeroing it via the custom input lowers it. Proves the tip → /quote round-trip, with no assumptions about tax math.","2933","TC-186: tip presets and custom tip flow into the server-quoted total","customer","2026-08-24","passed","2026-08-24","Customer — Checkout","","",""
"The admin Create Organization Coupon form offers the Free Delivery type; selecting it hides the Discount Value field (the fee waiver is computed at checkout) and repurposes Maximum Discount as the fee cap. Form is cancelled — nothing is created.","2918","TC-211: the org coupon form supports Free Delivery with no discount value","dashboard","2026-08-24","passed","2026-08-24","Admin — Marketing campaign events","","",""
"PATCH /menu/menu-items/:id/featured {featured:true} succeeds up to 5 featured items per standalone restaurant and rejects the 6th with 'You can only have 5 featured items'; un-featuring one frees the slot. Runs on a throwaway second-owner restaurant so the seed restaurant's real featured list is never touched.","1910","TC-270: a standalone restaurant can feature at most 5 items","dashboard","2026-08-24","passed","2026-08-24","Owner — Menu API contract","","",""
"Win-Back's dialog shows its inactivity threshold, the email template is view-only (disabled input — content can never mismatch the program), and a cooldown change round-trips through save + reload.","5308","TC-202: edit dialog shows per-type fields, locks the template, and persists a change","dashboard","2026-08-24","passed","2026-08-24","Admin — Marketing automations","","",""
"Deterministic proof that the report aggregates real order data: after seeding 3 CONFIRMED orders at the seed item's real price, the current business day's KPIs (from GET /restaurant/:id/daily-close?include=report) have grown by at least the seeded order count and net-sales amount vs. the pre-seed baseline. Uses >= (not ==) because other specs may add orders to the same day concurrently — they only ever increase it.","262","TC-142: the seeded orders are reflected in today's Daily Report KPIs","dashboard","2026-08-24","passed","2026-08-24","Owner — Daily Report Tab","","",""
"Pre-authenticated owner navigates to /restaurant/stores and verifies the page heading.","2150","TC-13: owner can reach /restaurant/stores and see the My Restaurants heading @smoke","dashboard","2026-08-24","passed","2026-08-24","Owner — My Restaurants List","","",""
"With base 13 / Large 18 saved at A, reopen the $ dialog and click 'Reset all to shared'. Expected: both rows read 12.00 / 15.00 with no 'Overridden' chip (was an expected-fail pin until RestauNax #602 fixed LocationPricingEditor.resetAll, which re-seeded from the saved override).","3302","TC-317: 'Reset all to shared' resets SAVED overrides to the shared prices","dashboard","2026-08-24","passed","2026-08-24","Owner — Chain menu (per-location overrides, shared vs local)","","",""
"The AI Deal Generator's step 0 is served by this unauthenticated, static endpoint. The paid POST /ai/generate/:id is deliberately never called by the suite.","300","TC-342: public GET /ai/questions is a static questionnaire (no AI call) with the four question ids","dashboard","2026-08-24","passed","2026-08-24","Owner — Deals API contract","","",""
"GET /api/deals/restaurant/:id/stats is what Deal Analytics renders. Delta assertion: +1 ACTIVE and +1 INACTIVE deal → totalCount +2, activeCount +1; a validDays-restricted ACTIVE deal still counts as active (activeCount is status + endDate only). Fresh deals add 0 timesUsed / revenue.","841","TC-340: /stats summary counts move with seeded deals; shape of topDeals/usageTrend/audienceDistribution","dashboard","2026-08-24","passed","2026-08-24","Owner — Deals API contract","","",""
"","4763","TC-102: invalid email shows an error and sends no request","dashboard","2026-08-24","passed","2026-08-24","Admin — User Management > Invite dialog","","",""
"When the Stripe status API returns hasAccount: false the page renders the 'Set Up Stripe Account' button. Route-mocked so the test is independent of the QA account's real Stripe state.","2389","TC-49: owner without Stripe sees the Set Up Stripe Account button","dashboard","2026-08-24","passed","2026-08-24","Owner — Payment Settings (Stripe Setup) > Setup page — pre-connection state (mocked)","","",""
"Clicking the copy-code icon on a row copies the code to the clipboard and shows a confirmation toast.","4982","TC-158: owner can copy a coupon code from the Manage Coupons list","dashboard","2026-08-24","passed","2026-08-24","Owner — Coupons","","",""
"Status update (both PUT variants), cancel and refund already called assertControlsOrderRestaurant before #621 — they were the positive controls in the original finding. Pin them too: an intruder gets 403 on every mutating path and the order is left untouched (still CONFIRMED for the real owner).","344","TC-229: mutating order endpoints keep enforcing ownership (positive control)","dashboard","2026-08-24","passed","2026-08-24","Owner — Orders API auth & tenant isolation","","",""
"When Stripe is not connected the page shows a 'What You'll Need' checklist with Personal Information, Business Details, Bank Account, and Payout Settings.","2838","TC-50: setup page shows the What You'll Need requirements section","dashboard","2026-08-24","passed","2026-08-24","Owner — Payment Settings (Stripe Setup) > Setup page — pre-connection state (mocked)","","",""
"All /api/order/statistics/* routes sit behind requireAuth — with no Authorization header every read AND mutating route answers 401 before touching any data.","175","TC-230: every order-statistics route rejects a missing bearer token with 401","dashboard","2026-08-24","passed","2026-08-24","Owner — Orders API auth & tenant isolation","","",""
"Single-select groups render real radio inputs sharing one name: choosing a second option deselects the first.","1990","TC-190: a maxSelections=1 group behaves as a radio — picking B replaces A","customer","2026-08-24","passed","2026-08-24","Customer — Item Modifiers","","",""
"Unauthenticated customer navigates to /menu?restaurantId=<id> and the page loads.","847","TC-22: customer can reach the menu page for the seed restaurant @smoke","customer","2026-08-24","passed","2026-08-24","Customer — Menu Browsing","","",""
"","4","TC-27: owner can reach the publish page and see the Publish Restaurant button","dashboard","2026-08-24","skipped","2026-08-24","Owner — Publish Restaurant","","",""
"Owner expands the Deals flyout section in the sidebar and clicks Manage Deals, landing on ?tab=deals with the Manage Deals heading visible.","18571","TC-86: owner can reach the Manage Deals tab","dashboard","2026-08-24","failed","2026-08-24","Owner — Deals","","",""
"Creating a chain requires a founding restaurant that already has a menu, an assigned owner, and doesn't belong to a chain yet. This seeds a throwaway restaurant + menu via the API and assigns the seed OWNER account to it (never the shared seed restaurant, since chain membership isn't easily undone — there's no DELETE chain endpoint), then drives the real Create Chain UI flow: search the founding store, submit, land on the auto-opened detail panel, and confirm the new chain shows up back in the list.","21339","TC-223: admin creates a chain from a founding restaurant","dashboard","2026-08-24","failed","2026-08-24","Admin — Chains","","",""
"Builder card body click → …/groupId/:gid/itemId/:iid with the item's name and price rendered and the bottom bar (Preview / Edit / Delete). 'Edit' → …/edit wizard with the name prefilled; browser Back returns to the detail page.","7548","TC-300: clicking a card opens the item detail page; Edit opens the edit wizard","dashboard","2026-08-24","passed","2026-08-24","Owner — Menu builder, item wizard & item detail","","",""
"Quote-wiring coverage for delivery (not a full delivery order — that needs QA's delivery provider + a deliverable address): selecting Delivery and entering an address fires /api/delivery/quote and the UI resolves to either an available fee or a not-available message. Skips cleanly when the restaurant is pickup-only or Google Places yields no suggestion (external dependency).","12485","TC-126: selecting Delivery drives the address → quote round-trip","customer","2026-08-24","skipped","2026-08-24","Customer — Checkout coupon & delivery","","",""
"POST /api/admin/chains/:gid/restaurants/:rid/link {menu:'keep'} on a throwaway store that has its own menu: the owner's /api/chains/owned shows locationCount 3; the store's merged menu carries the chain's shared categories PLUS its own item (source RESTAURANT), which no other location sees; POST …/unlink (never went live → allowed) → 200 {dissolved:false}, chain back to 2 locations.","1456","TC-323: admin links an existing store (menu kept) — its own items interleave at that location only — and unlinks it","dashboard","2026-08-24","passed","2026-08-24","Admin — Chains","","",""
"Deal = Pizza (12, Size REPLACES: Regular 12 default / Large 15 / Small 10; Extras ADJUSTS: Cheese 2, Bacon 3) + Drink (4) at 14. Regular + Bacon → upcharge 3; Large + Cheese → 3 + 2 = 5; Small → 0 (downgrades never refund). lineTotal = 14 + upcharge. Client upchargeAmount is ignored when modifier ids are sent.","892","TC-338: /quote modifier upcharge — ADJUSTS_PRICE at full price, REPLACES_PRICE as the delta above the default, downgrade clamped to 0","dashboard","2026-08-24","passed","2026-08-24","Owner — Deals API contract","","",""
"On a freshly created (menu-less) restaurant assigned to the owner, the Menu tab shows 'No menu data available' with an 'Open menu builder' CTA that lands on the builder route (/restaurant/restaurantId/:id, scope bar 'Editing menu for: <name>'). NOTE: the builder page is CreateStore's data-driven wizard — a restaurant with no business hours shows its Business Hours step before the menu step, so either that or the builder's 'No categories yet' empty state is accepted. Throwaway restaurant is created + assigned via the admin API and deleted afterwards.","4841","TC-293: a restaurant with no menu shows the empty state that opens the builder","dashboard","2026-08-24","passed","2026-08-24","Owner — Menu tab (availability / featured)","","",""
"POST /api/order/statistics/refund/:id requires paymentStatus COMPLETED. A seeded (unpaid) order → 400 'Only completed payments can be refunded' — no Stripe call is attempted.","500","TC-257: refunding an unpaid order is rejected","dashboard","2026-08-24","passed","2026-08-24","Owner — Orders API contract","","",""
"86 an item through the API while the tab is open (nothing changes on screen), click Refresh → GET /menu/restaurants/:id/menus fires and the row now reads 'Out of Stock'; restore + Refresh → 'Available'.","4736","TC-292: Refresh re-fetches the menu and reflects a change made outside the page","dashboard","2026-08-24","passed","2026-08-24","Owner — Menu tab (availability / featured)","","",""
"The 'Add Category' dialog lists preset chips (Appetizers, Desserts, …); typing a name that already exists on this menu shows '<name> already exists in category' and the dialog stays open. Uses the run's own category name as the duplicate so no real category is touched.","4153","TC-294: New Category offers presets and refuses a duplicate name","dashboard","2026-08-24","passed","2026-08-24","Owner — Menu builder, item wizard & item detail","","",""
"The product rule is at most 10 active deals; since #618 the create path enforces it too (it used to only guard PATCH /status). Clean tenant → 10 ACTIVE → POST an 11th → 400 MAX_ACTIVE_DEALS_REACHED.","1940","TC-334: creating an 11th ACTIVE deal at the cap is refused (RestauNax #618)","dashboard","2026-08-24","passed","2026-08-24","Owner — Deals API contract > MAX_ACTIVE_DEALS","","",""
"The common (non-Stripe) cancel path that TC-225 does not cover. For an unpaid order the nested dialog shows no 'will be refunded' copy and its confirm button reads 'Cancel Order' (not 'Cancel & Refund'). Confirming PUTs /api/order/statistics/cancel/:id → {success:true, action:'CANCELLED'}, a success alert shows, the sheet auto-closes; re-opening shows the Cancelled chip with no Cancel / Mark-as buttons and no Order Progress stepper.","8533","TC-246: owner cancels an UNPAID order — no refund copy, order becomes Cancelled and loses its actions","dashboard","2026-08-24","passed","2026-08-24","Owner — Orders Tab","","",""
"Customer Info renders name, phone and email from the order's contact snapshot; a guest order with no contact falls back to 'Guest' and 'N/A'.","6177","TC-242: the Customer Info tab shows the order's contact snapshot, or Guest / N/A when absent","dashboard","2026-08-24","passed","2026-08-24","Owner — Orders Tab","","",""
"","5788","TC-353: the Status filter narrows to Active / Inactive / Expired; an expired row has a disabled switch with 'Cannot toggle expired deals'","dashboard","2026-08-24","passed","2026-08-24","Owner — Deals","","",""
"REPLACES_PRICE size group on a $10.00 item: the default Small ($8.00) prices the item at $8.00; switching to Large reprices to $12.00 — the base price is replaced, not adjusted.","2197","TC-193: a REPLACES_PRICE modifier overrides the base price","customer","2026-08-24","passed","2026-08-24","Customer — Item Modifiers","","",""
"Confirming the delete dialog actually removes the row, verified via the DELETE response and a re-search. Uses its own throwaway seeded demo request (separate even from this file's main seeded row) so the delete doesn't disrupt the other tests.","4790","TC-98: admin can permanently delete a demo request","dashboard","2026-08-24","passed","2026-08-24","Admin — Demo Request Actions","","",""
"The customer coupon-redemption path (previously untested): applying the seeded percentage coupon at checkout shows the discount in the order summary; a bogus code is rejected with an error and no discount.","3445","TC-125: a valid coupon applied at checkout shows the discount, an invalid one is rejected","customer","2026-08-24","passed","2026-08-24","Customer — Checkout coupon & delivery","","",""
"A minOrderAmount coupon applies while two cart lines clear the minimum; removing one line triggers CouponSection's debounced revalidation, the backend 400s ('Order must be at least $X'), and the coupon is auto-removed with an explanatory error.","4807","TC-187: a coupon is auto-removed when the cart drops below its minimum order amount","customer","2026-08-24","passed","2026-08-24","Customer — Checkout coupon revalidation","","",""
"At A: eye icon → dialog 'Remove ""<item>"" from this location's menu?' → 'Remove from menu' → PATCH …/carried {isCarried:false, restaurantId:A}; the row stays (owner view) with an 'Add back…' icon; the CUSTOMER menu for A omits the item while B's still has it; 'Add back' restores.","4178","TC-312: removing a shared item from one location's menu hides it on that storefront only","dashboard","2026-08-24","passed","2026-08-24","Owner — Chain menu (per-location overrides, shared vs local)","","",""
"","2591","TC-363: Deal Analytics renders the metric cards and summaries from GET /stats and lists top deals (or the no-usage empty state)","dashboard","2026-08-24","passed","2026-08-24","Owner — Deals","","",""
"Applying a code that doesn't exist shows an error and no discount is applied.","1853","TC-173: an invalid gift card code is rejected","customer","2026-08-24","passed","2026-08-24","Customer — Checkout gift card","","",""
"The admin Chains tab loads a DataGrid with its default-visible columns — read-only, no seed data assumed since chains aren't part of the shared QA seed.","3816","TC-181: admin can navigate to Chain Management and see the chains grid","dashboard","2026-08-24","passed","2026-08-24","Admin — Chains","","",""
"","953","TC-332: 86'ing a required slot item hides the deal from /active; restoring brings it back","dashboard","2026-08-24","passed","2026-08-24","Owner — Deals API contract","","",""
"After the /api/analytics/dashboard fetch completes, the page shows either the summary cards (when the range has orders) or the 'no data for this range' empty state — never a load error. This asserts the fetch path works regardless of the current QA data volume.","4573","TC-127: the analytics dashboard resolves to data or an empty state without erroring","dashboard","2026-08-24","passed","2026-08-24","Owner — Analytics Tab","","",""
"POST /api/demo-requests with the email field omitted entirely is rejected with a 4xx status, bypassing the frontend's HTML5 required-field check.","32","TC-80: submitting a demo request with no email is rejected","dashboard","2026-08-24","passed","2026-08-24","API — Negative cases","","",""
"","1","TC-165: guest purchases a gift card as a Send-as-Gift preset denomination","customer","2026-08-24","skipped","2026-08-24","Customer — Gift Cards","","",""
"By design (MenuManagementPage.handleManageMenu) there is no chain-scoped builder route: 'Manage shared menu (all locations)' lands on the builder of the location in focus (/restaurant/restaurantId/<member>), whose scope bar reads 'Editing menu for: <member> … this location only' with 'Switch to all 2 locations', shared categories carry the 'Shared · all 2 locations' chip, and 'New Category' offers the 'Who is this category for?' scope radio — the shared menu is managed from here via those scope choices.","3417","TC-319: 'Manage shared menu' from the chain shell opens a chain-aware LOCATION builder (no separate chain builder)","dashboard","2026-08-24","passed","2026-08-24","Owner — Chain menu (per-location overrides, shared vs local)","","",""
"","1","TC-17: employee can navigate to tax settings and see the tax rate form","dashboard","2026-08-24","skipped","2026-08-24","Employee — Tax Settings","","",""
"","3881","TC-103: submit is disabled until a role is selected","dashboard","2026-08-24","passed","2026-08-24","Admin — User Management > Invite dialog","","",""
"POST /api/coupons/restaurant/:id without the required `code` field is rejected with a 4xx status.","209","TC-66: creating a coupon with no code is rejected","dashboard","2026-08-24","passed","2026-08-24","API — Negative cases","","",""
"Admin navigates to Demo Management, searches by email, and verifies the row shows correct name, status NEW, and a creation timestamp.","3147","TC-04: admin can find the new demo request in Demo Management","dashboard","2026-08-24","passed","2026-08-24","Admin — Demo Management","","",""
"Selecting the 'Customer Groups' sub-tab renders the Customer Segments view with its segment cards (e.g. VIP) from GET /api/customers/restaurant/:id/segments.","3165","TC-138: owner can switch to the Customer Groups (segments) sub-tab","dashboard","2026-08-24","passed","2026-08-24","Owner — Customers Tab","","",""
"Chain: POST /menu/item/new {groupId: sharedCategory, ownerRestaurantId: A} → A lists it with source:'RESTAURANT', B does not; ownerRestaurantId of a restaurant outside the chain → 400 'does not belong to the chain'.","518","TC-279: a location-only item under a shared category is invisible to the other location","dashboard","2026-08-24","passed","2026-08-24","Owner — Menu API contract","","",""
"Add-item wizard, Basic Information: 1-char name → 'at least 2 characters'; price 0 → 'at least $0.01' (the QA build says 'Price must be positive' — both accepted); price 10000 → 'cannot exceed $9,999.99'; 501-char description → 'cannot exceed 500 characters'; Next stays disabled while any error is present and enables once all fields are valid.","3731","TC-295: wizard step 0 enforces name length, price bounds and description length","dashboard","2026-08-24","passed","2026-08-24","Owner — Menu builder, item wizard & item detail","","",""
"Expanding the Coupons accordion and clicking Create Coupon loads the coupon form.","3625","TC-30: owner can navigate to the Create Coupon form","dashboard","2026-08-24","passed","2026-08-24","Owner — Coupons","","",""
"…/tab/create-terminal-intent: amount ≤ 0 → 400; amount > remaining → 400 (checked under the per-order advisory lock). A valid create returns a bound card_present PaymentIntent (clientSecret) and a PENDING leg — an intent is not money, remaining is unchanged. cancel-terminal-intent flips the row FAILED (shares recompute) and a second cancel replays idempotently. Capture needs a physical reader — that half is device-lane coverage, not QA-API coverage.","1486","TC-382: card leg — create-intent validates amounts, a PENDING leg never consumes remaining, cancel abandons it idempotently","pos","2026-08-24","passed","2026-08-24","POS — Table Service Open Checks","","",""
"","2383","TC-61: unknown email shows an error","dashboard","2026-08-24","passed","2026-08-24","Public — Sign in","","",""
"Delivery orders have a longer path: PENDING → Confirmed → Preparing → Ready → Out for Delivery → Delivered. Each step is confirmed by the status PUT; at Delivered the button is gone.","6097","TC-245: owner drives a delivery order through its whole lifecycle from the detail sheet","dashboard","2026-08-24","passed","2026-08-24","Owner — Orders Tab","","",""
"","43","TC-77: toggling status of a nonexistent user id is rejected","dashboard","2026-08-24","passed","2026-08-24","Admin — User Management > Settings tab — negative","","",""
"?tab=marketing-automations shows the Automated Marketing section, the master switch, and one row per program from the settings API.","3222","TC-206: the deep link renders the section with every program row","dashboard","2026-08-24","passed","2026-08-24","Owner — Automated Marketing","","",""
"Store Operations → Daily Report opens the current business day's live report: the 'At a Glance' comparison KPIs (Net Sales / Orders) render with no load error. Seeded orders in beforeAll guarantee the day has real data behind the numbers.","3704","TC-141: owner can open the Daily Report and see the current day's live report","dashboard","2026-08-24","passed","2026-08-24","Owner — Daily Report Tab","","",""
"QA email is fully sandboxed (every send lands in the shared Mailpit inbox, never a real customer), so the enabled run-now path is exercised for real: cap the daily pace to 1, enable Win-Back, run it, and — when candidates exist — verify the send row flips SENT and the email arrives in Mailpit. State (enabled flag + caps) is restored afterwards.","4752","TC-210: run-now on an enabled automation queues sends and delivers to the sandbox inbox","dashboard","2026-08-24","passed","2026-08-24","Admin — Marketing automations","","",""
"Storefront /menu renders the DealCard for the API-seeded combo (name, 'Save 21%', 'Includes:' one '1x' chip per slot row, struck $26.50 / $21.00, 'View Deal' → /deals/<id>). The owner flips the row's switch OFF in ?tab=deals → the storefront no longer offers it (public /active hides INACTIVE); ON → back.","9298","TC-367: 'Today's Deals' on /menu offers the owner's deal; toggling it OFF in Manage Deals removes it, ON brings it back","customer","2026-08-24","passed","2026-08-24","Deals → Storefront hand-off","","",""
"Submitting the sign-up form with an email that already has an account shows an error banner and keeps the visitor on /sign-up.","6408","TC-94: registering with an already-used email is rejected","dashboard","2026-08-24","passed","2026-08-24","Public — Sign up","","",""
"Chain: PATCH …/location-pricing {restaurantId:A, basePriceOverride, modifierOverrides:[{modifierId, priceOverride}]} resolves that modifier's price to the override on A's read (masterPrice kept) and leaves B alone; a modifier that isn't on the item → 400; priceOverride:null deletes the row.","819","TC-276: location-pricing overrides a size price per location and validates the modifier id","dashboard","2026-08-24","passed","2026-08-24","Owner — Menu API contract","","",""
"The Order Items table shows the seeded menu item with quantity 1 at its recorded price, the heading counts the items, and the customer's special instructions are shown under Order Information.","3766","TC-241: the detail sheet lists the ordered item, quantity, price and special instructions","dashboard","2026-08-24","passed","2026-08-24","Owner — Orders Tab","","",""
"Storefront shows the seeded item card with its price. Owner (Menu tab) switches it OFF → 'Mark sold out'. Reloading the storefront: the card is gone (template-wind filters outOfStock items out of the menu grid). Owner switches it back ON → card is back.","41944","TC-320: an item the owner marks sold out disappears from the storefront menu and comes back when restored","customer","2026-08-24","passed","2026-08-24","Menu → Storefront hand-off","","",""
"","3715","TC-12: Proceed to Onboarding navigates to restaurant setup","dashboard","2026-08-24","passed","2026-08-24","Admin — Demo Request Actions","","",""
"A gift card frozen by an admin is rejected at checkout with a 'frozen' error.","536","TC-175: a frozen gift card is rejected","customer","2026-08-24","failed","2026-08-24","Customer — Checkout gift card","","",""
"A store that has real orders can't leave a chain (Domino's rule): link a throwaway store, seed a real-price order on it, POST …/unlink → 400 'This location has gone live…'. Unlinking a restaurant that isn't a member → 404. Cancelling the order (CANCELLED is excluded from the live check) makes unlink succeed; the store is then archived (admin DELETE only archives — it never detaches membership) and the fixture chain is asserted back at 2 locations.","1874","TC-324: unlink is refused for a location that has gone live, and for a non-member","dashboard","2026-08-24","passed","2026-08-24","Admin — Chains","","",""
"POST /menu/restaurant/clone with targetRestaurantId = a chain member → 400 'part of a chain and uses the chain's shared menu' (restaurant-owned duplicates would collide with the shared menu).","181","TC-280: cloning a menu into a chain member is refused","dashboard","2026-08-24","passed","2026-08-24","Owner — Menu API contract","","",""
"Submitting the create-coupon form with no code is blocked and no coupon is created. Note: like TC-147, the code TextField is a real required HTML input, so the browser's native constraint validation intercepts the submit before React's own validateForm()/'Coupon code is required' message ever gets a chance to run (confirmed live: no POST /api/coupons request is sent).","4030","TC-150: an empty coupon code is rejected","dashboard","2026-08-24","passed","2026-08-24","Owner — Coupons","","",""
"","3935","TC-357: Delete asks for confirmation (title + three consequences); Cancel keeps the deal, Confirm hard-deletes it","dashboard","2026-08-24","passed","2026-08-24","Owner — Deals","","",""
"","876","TC-346: unauthenticated requests get 401 on every protected deal route","dashboard","2026-08-24","passed","2026-08-24","Owner — Deals API contract","","",""
"At A: switch OFF the shared item → 'Mark sold out' → PATCH …/availability {outOfStock:true, restaurantId:A} → A reads Out of Stock; B's tab still shows Available and B's API row outOfStock:false; switch ON at A restores.","7220","TC-311: 86 at one location leaves the other location available","dashboard","2026-08-24","passed","2026-08-24","Owner — Chain menu (per-location overrides, shared vs local)","","",""
"The Sort dropdown drives server-side ordering (per-column grid sorting is disabled). 'Highest Amount' → sortBy=total&sortDirection=desc and the returned totals are non-increasing; 'Lowest Amount' → asc and non-decreasing.","5956","TC-237: sorting by amount re-queries with sortBy=total and orders the rows accordingly","dashboard","2026-08-24","passed","2026-08-24","Owner — Orders Tab","","",""
"","4023","TC-107: search finds a user by email","dashboard","2026-08-24","passed","2026-08-24","Admin — User Management > List, search & filter","","",""
"Typing the customer's 10-digit phone number into search returns their order (backend matches customer.phone and the on-order phone snapshot with `contains`). Regression guard for the int4-overflow bug fixed in RestauNax #589 — see test body.","4473","TC-262: searching by a customer phone number finds the seeded order","dashboard","2026-08-24","passed","2026-08-24","Owner — Orders Tab","","",""
"Selecting Item Discount as the discount type requires and accepts a menu item selection.","6302","TC-146: owner can create a FIXED_ITEM coupon","dashboard","2026-08-24","passed","2026-08-24","Owner — Coupons","","",""
"POST /api/order/:id/quote with the legacy checkout body template-wind sends. quote.deals[0] = {dealPrice 12, quantity 2, upcharge 0, lineTotal 24, savings 9}; dealsSubtotal 24 = subtotal. A tampered client dealPrice (0.01) changes nothing — server-authoritative pricing.","607","TC-337: /quote charges dealPrice × quantity (+ savings reported) and ignores the client's dealPrice","dashboard","2026-08-24","passed","2026-08-24","Owner — Deals API contract","","",""
"Opening an order's detail dialog renders the line-items section and the money summary (Order Details + Order Total), not just the header block TC-90 asserted. Uses the beforeAll-seeded order.","4881","TC-134: the order detail dialog shows line items and the order total","dashboard","2026-08-24","passed","2026-08-24","Owner — Orders Tab","","",""
"PATCH /menu/menu-items/:id/availability {outOfStock} flips the master flag for a standalone restaurant's item (visible on the public read); a body without outOfStock is a 400.","488","TC-268: availability toggle writes MenuItem.outOfStock on a standalone item and requires the flag @smoke","dashboard","2026-08-24","passed","2026-08-24","Owner — Menu API contract","","",""
"A tab with ANY SUCCEEDED leg is real collected money: POST /api/tablet/cancel-order → 400 (reversal is a refund, never a cancel). A fresh check with no settled legs cancels cleanly and disappears from the tables summary (open-check is DERIVED: status CANCELLED excludes it).","1083","TC-383: cancel guard — a check with a settled leg refuses cancel (refund path only); a fresh check cancels and leaves the grid","pos","2026-08-24","passed","2026-08-24","POS — Table Service Open Checks","","",""
"Presence-only: the paid POST /api/deals/ai/generate is never triggered. Asserts the 3-step stepper, the questionnaire radios rendered from the public GET /api/deals/ai/questions, that Meal Type is disabled (defaults to All Day), and that 'Generate Deals' is disabled until audience + price range are picked.","2996","TC-364: AI Deal Generator smoke — stepper, server questionnaire, Generate gated on the required answers (never clicked)","dashboard","2026-08-24","passed","2026-08-24","Owner — Deals","","",""
"The coupon code field has maxLength=20 — typing a longer string is truncated at the input level.","3668","TC-152: coupon code input truncates at 20 characters","dashboard","2026-08-24","passed","2026-08-24","Owner — Coupons","","",""
"GET /api/order/statistics/management/:id hides INITIALIZED placeholders by default (a search that can only match the un-bumped seed returns nothing). Passing status=INITIALIZED explicitly DOES return it — pinned as current behaviour pending a product decision on whether owners should ever see placeholders.","446","TC-258: INITIALIZED (pre-payment) orders are excluded from the owner list unless asked for explicitly","dashboard","2026-08-24","passed","2026-08-24","Owner — Orders API contract","","",""
"Chain: PATCH …/availability on a shared item without restaurantId → 400; with A → A reads outOfStock:true, B false (only A's MenuItemLocationOverride row is written, the master flag stays).","531","TC-278: 86'ing a shared item is per location and requires restaurantId","dashboard","2026-08-24","passed","2026-08-24","Owner — Menu API contract","","",""
"Checking the balance of a code that doesn't exist shows 'Card not found or invalid code'.","1593","TC-170: balance check shows not-found for a nonexistent code","customer","2026-08-24","passed","2026-08-24","Customer — Gift Cards","","",""
"DELETE /menu/menuItemId/:id → 409 {blockers:{deals:[…]}} while an active deal includes the item; after the deal is removed the same delete succeeds.","555","TC-272: an item referenced by an ACTIVE deal cannot be deleted (409 with blockers)","dashboard","2026-08-24","passed","2026-08-24","Owner — Menu API contract","","",""
"At A: $ icon ('Using shared price…') → dialog 'Pricing for ""<item>"" at this location' → Base price 14 → row chip 'Overridden' → Save → PATCH …/location-pricing {basePriceOverride:14} → toast, icon now 'Location price: $14', chip '1 location has a different price'; B's tab and API still show 12; reopen → 'Reset to shared price' → Save → back to shared.","10175","TC-310: per-location price via the $ dialog changes A only and can be reset to shared","dashboard","2026-08-24","passed","2026-08-24","Owner — Chain menu (per-location overrides, shared vs local)","","",""
"Clicking the date-range button opens the picker popover exposing the Quick Select presets (Last 7 days / Last 30 days), so owners can change the reporting window.","13720","TC-128: the date-range picker opens with quick-select presets","dashboard","2026-08-24","failed","2026-08-24","Owner — Analytics Tab","","",""
"","358","TC-179: current-orders + status reject an unauthenticated caller","pos","2026-08-24","skipped","2026-08-24","POS — Order Lifecycle","","",""
"Add-item wizard: Basic Information → skip modifiers → Image Upload via the hidden file input (fixtures/assets/menu-item.png) → 'View image' / 'Remove image' controls appear → Review saves the item and POSTs /upload/menu/item/picture/:id. The detail page shows the image and GET /menu/itemId/:id has imageUrls.","6049","TC-297: the wizard uploads an image from the Image step and the item carries it","dashboard","2026-08-24","passed","2026-08-24","Owner — Menu builder, item wizard & item detail","","",""
"Owner clicks New Category, types a name, saves it, and verifies the new category tab appears.","6985","TC-20: owner can create a new menu category","dashboard","2026-08-24","passed","2026-08-24","Owner — Menu Management > Category and item CRUD","","",""
"","0","TC-183: every day defaults to Closed, and Open/24 Hours toggle the time pickers correctly","dashboard","2026-08-24","skipped","2026-08-24","Employee — Business Hours","","",""
"","2372","TC-56: owner can reach menu management @smoke","dashboard","2026-08-24","passed","2026-08-24","Access — Restaurant management (shared screens)","","",""
"The grid paginates server-side. Choosing 25 rows/page re-queries with limit=25&page=1; on a list with more than 10 rows, 'next page' at size 10 sends page=2 and switching size afterwards snaps back to page=1. On a fresh QA with ≤10 orders in range the page-2 step is annotated and skipped.","7607","TC-238: page size and page navigation are sent to the server and size changes reset to page 1","dashboard","2026-08-24","passed","2026-08-24","Owner — Orders Tab","","",""
"","1","TC-18: employee can set a tax rate and save — change persists","dashboard","2026-08-24","skipped","2026-08-24","Employee — Tax Settings","","",""
"","5251","TC-109: role filter narrows the list","dashboard","2026-08-24","passed","2026-08-24","Admin — User Management > List, search & filter","","",""
"Setting an End Date earlier than the Start Date shows 'End date must be after start date' and does not create the coupon.","4615","TC-149: an end date before the start date is rejected","dashboard","2026-08-24","passed","2026-08-24","Owner — Coupons","","",""
"","771","TC-330: DELETE hard-deletes the deal — GET is 404 afterwards and it leaves the owner list; unknown id is 404","dashboard","2026-08-24","passed","2026-08-24","Owner — Deals API contract","","",""
"","4187","TC-354: sorting by Price and Savings orders the seeded rows by the server numbers","dashboard","2026-08-24","passed","2026-08-24","Owner — Deals","","",""
"POST /api/coupons/restaurant/:id with a negative `value` is rejected with a 4xx status.","296","TC-68: creating a coupon with a negative discount value is rejected","dashboard","2026-08-24","passed","2026-08-24","API — Negative cases","","",""
"Base $10.00 item + $1.50 ADJUSTS_PRICE add-on → the Add to Cart label's live price reads $11.50.","2045","TC-192: an ADJUSTS_PRICE modifier adds its price to the item total","customer","2026-08-24","passed","2026-08-24","Customer — Item Modifiers","","",""
"The stepper shows all four steps: Check Status, Create Account, Verify Details, Start Accepting.","2312","TC-47: setup page shows the 4-step Stripe onboarding stepper","dashboard","2026-08-24","passed","2026-08-24","Owner — Payment Settings (Stripe Setup) > Setup page","","",""
"Filling the Notes field and clicking Save Changes PUTs /api/demo-requests/:id and the side sheet auto-closes on success (no toast). Reopening confirms the note persisted server-side.","4604","TC-07: admin can edit and save notes in the View/Edit Details side sheet","dashboard","2026-08-24","passed","2026-08-24","Admin — Demo Request Actions","","",""
"","4479","TC-111: clicking a row opens the detail side sheet","dashboard","2026-08-24","passed","2026-08-24","Admin — User Management > Detail side sheet","","",""
"Filling the coupon code, discount value, start and end dates and clicking Create Coupon shows a success toast.","4312","TC-31: owner can fill and submit a new coupon","dashboard","2026-08-24","passed","2026-08-24","Owner — Coupons","","",""
"From the restaurant portal, the sidebar 'Menu' item renders the 'Menu Availability Management' page: the seeded category accordion shows '6 Available'; 'Manage Menu' navigates to the builder at /restaurant/restaurantId/:id (New Category visible).","5910","TC-288: the sidebar Menu tab opens Menu Availability Management and Manage Menu opens the builder @smoke","dashboard","2026-08-24","passed","2026-08-24","Owner — Menu tab (availability / featured)","","",""
"The subscription page shows a Plan Details section with the current plan and price — read-only assertions only, no mutation of the shared QA account's real billing state.","2376","TC-85: subscription page shows plan details","dashboard","2026-08-24","passed","2026-08-24","Owner — Subscription & Billing","","",""
"POST /api/order/statistics/export/:id with a search that matches nothing → 400 'No orders found'. With the seed surname → 200 text/csv whose header is the 32 documented columns and whose 'Order Number' column (the receipt number) includes our seeded order.","586","TC-260: CSV export rejects an empty result set and streams a 32-column CSV otherwise","dashboard","2026-08-24","failed","2026-08-24","Owner — Orders API contract","","",""
"Owner (location A Menu tab) → eye icon → 'Remove from menu'. Storefront ?restaurantId=A no longer lists the shared item; ?restaurantId=B still does. Restored afterwards.","6301","TC-322: an item the owner removes from one location's menu is absent from that storefront only","customer","2026-08-24","passed","2026-08-24","Menu → Storefront hand-off","","",""
"Navigating directly to /admin with no session redirects to /sign-in rather than rendering the admin dashboard.","3224","TC-72: an unauthenticated visitor hitting the admin dashboard is redirected to sign-in","dashboard","2026-08-24","passed","2026-08-24","Access — Unauthenticated","","",""
"","389","TC-284: another owner must not be able to delete our item","dashboard","2026-08-24","passed","2026-08-24","Owner — Menu API contract > authorization — a second owner against our menu","","",""
"When POST /api/stripe/account/restaurant/:id/create fails, the page shows an inline error alert and stays on /setupStripe instead of redirecting to Stripe.","2359","TC-78: a failed Stripe account-create call shows an error and does not redirect","dashboard","2026-08-24","passed","2026-08-24","Owner — Payment Settings (Stripe Setup) > Setup page — pre-connection state (mocked)","","",""
"Delete opens a typed-word confirmation dialog; confirming removes the coupon from both the table and the API.","6770","TC-160: owner can delete a coupon via the typed-confirmation dialog","dashboard","2026-08-24","passed","2026-08-24","Owner — Coupons","","",""
"With nothing out of stock the category summary has no 'Restore All to Available' button. After 86'ing two items via the API the button appears; its ConsequenceDialog names the count and category; 'Restore all' → POST /menu/menu-groups/:id/reset-availability → '6 Available' and the button is gone.","4867","TC-290: Restore All to Available appears only with out-of-stock items and restores the whole category","dashboard","2026-08-24","passed","2026-08-24","Owner — Menu tab (availability / featured)","","",""
"FREE_DELIVERY is delivery-only: applying the code while the order is Pickup sends serviceType to validate and the backend rejects it with a delivery-only message — no discount, no $0.00 'saving'.","2638","TC-214: a free-delivery code is rejected on a pickup order","customer","2026-08-24","passed","2026-08-24","Customer — Free-delivery coupon","","",""
"Opening Delete and clicking Cancel (without typing the confirm word) does not delete the coupon.","4843","TC-161: cancelling the delete confirmation leaves the coupon untouched","dashboard","2026-08-24","passed","2026-08-24","Owner — Coupons","","",""
"","4172","TC-370: 86'ing a required slot item pulls the whole deal from the storefront; restoring it brings the deal back","customer","2026-08-24","passed","2026-08-24","Deals → Storefront hand-off","","",""
"","2605","TC-55: OWNER is denied the tax route (EMPLOYEE/ADMIN only)","dashboard","2026-08-24","passed","2026-08-24","Access — Role restrictions","","",""
"GET /api/deals/restaurant/:id/active is what the storefront renders. Six seeded deals: one plain (listed, with dealPrice/originalPrice/savings and slot items), one INACTIVE, one endDate yesterday, one startDate in 3 days, one validDays = a weekday 3 days from now, one 1-minute validTimeStart=End window 12 h away (server-local time) — the five restricted ones are absent. Empty validDays = all days; a single-sided time bound is ignored (validTimeStart only → still listed).","1850","TC-331: public /active lists only deals that are ACTIVE and inside every window (status, dates, weekday, HH:MM); unknown restaurant → 200 []","dashboard","2026-08-24","passed","2026-08-24","Owner — Deals API contract","","",""
"DELETE /menu/menuItemId/:id sets isActive=false (row survives, GET /menu/itemId still 200); DELETE …/permanent with an owner token → 403; with an admin token → 200 and the item is gone.","395","TC-271: item delete is a soft delete; the permanent route is admin-only","dashboard","2026-08-24","passed","2026-08-24","Owner — Menu API contract","","",""
"","4770","TC-105: Owner role reveals the restaurant autocomplete","dashboard","2026-08-24","passed","2026-08-24","Admin — User Management > Invite dialog","","",""
"The page shows a Delivery Configuration section describing the mode/provider/environment.","1864","TC-83: Uber Eats delivery settings page shows the delivery configuration section","dashboard","2026-08-24","passed","2026-08-24","Owner — Uber Eats Delivery Settings","","",""
"The open-check body contract refuses every tender-shaped field with a 400 (payments[], giftCardCode, cashDiscount, processingFee) — the tender is unknown until the guests pay, dual pricing never applies to tabs and the card fee is computed per leg at settlement. DELIVERY orderType is also incompatible with a table.","376","TC-374: any tender in the open body is rejected — a tab is born unpaid","pos","2026-08-24","passed","2026-08-24","POS — Table Service Open Checks","","",""
"Navigating directly to a restaurant's management URL with no session redirects to /sign-in instead of leaking restaurant data.","2869","TC-73: an unauthenticated visitor hitting a specific restaurant management page is redirected to sign-in","dashboard","2026-08-24","passed","2026-08-24","Access — Unauthenticated","","",""
"serviceType PICKUP → the backend rejects a FREE_DELIVERY code with the delivery-only message; the POS surfaces it instead of applying a $0 coupon.","31","TC-220: validate rejects the code on a PICKUP order","pos","2026-08-24","passed","2026-08-24","POS — Free-delivery coupon (validate contract)","","",""
"Searching the Assign autocomplete for the known ADMIN_EMAIL account, selecting it, and clicking Assign PUTs assignedToId — verified via the response body (the UI doesn't surface the assignee anywhere else).","7508","TC-10: admin can assign a demo request to a team member","dashboard","2026-08-24","passed","2026-08-24","Admin — Demo Request Actions","","",""
"Typing a receipt number into the search box sends it as ?search= (the backend strips a leading '#', matches receiptNumber `contains` + exact orderNumber) and the seeded order's row is in the grid. `contains` can legitimately return other receipts that embed the digits, so we assert our row is present and every returned row matches — not totalCount===1.","4252","TC-231: searching by receipt number returns the seeded order","dashboard","2026-08-24","passed","2026-08-24","Owner — Orders Tab","","",""
"","2652","TC-57: admin can reach menu management","dashboard","2026-08-24","passed","2026-08-24","Access — Restaurant management (shared screens)","","",""
"Filling password/confirmPassword with different values shows an inline 'Passwords must match' error on blur (client-side validation; submit is never attempted here).","2790","TC-95: a mismatched confirm-password blocks submission","dashboard","2026-08-24","passed","2026-08-24","Public — Sign up","","",""
"DealsDashboard used to reset the page index only on a rows-per-page change, so a search typed while on page 2 that matched ≤ 5 rows rendered an empty table. #618 resets to page 0 on search / status-filter change.","4413","TC-358: searching from page 2 shows the matching row — pagination resets on filter (RestauNax #618)","dashboard","2026-08-24","passed","2026-08-24","Owner — Deals","","",""
"Two proofs. (1) API delta, timezone-proof: with a yesterday→tomorrow window, seeding two pickup orders raises Total Orders and Pickup count by ≥2 and Net Sales by ≥ 2 × item price (≥ because concurrent spec files also seed). (2) UI: the four cards render exactly the values the stats endpoint returned, 'Update Stats' re-fires it, and picking the 'Today' preset re-fires it with browser-local start=end=today.","6690","TC-250: the header stat cards reflect the stats API and move when orders are seeded","dashboard","2026-08-24","passed","2026-08-24","Owner — Orders Tab","","",""
"PUT /menu/menu-items/:id/changes takes {name?, price?, modifierGroups:{deleted[], added[], modified[]}} and applies it transactionally; body.menuItemId must equal the path id (400 otherwise).","511","TC-266: the deep-editor diff payload adds, modifies and deletes modifier groups in one call","dashboard","2026-08-24","passed","2026-08-24","Owner — Menu API contract","","",""
"","712","TC-341: bulk create — [] is 400; two deals → 201 with counts; aiGenerated:false honoured (RestauNax #618)","dashboard","2026-08-24","passed","2026-08-24","Owner — Deals API contract","","",""
"Tops the seed restaurant up with AUTO deals until ≥ 8 are active (info banner), then to 10 (warning banner) and toggles the INACTIVE seeded deal ON → PATCH 400 MAX_ACTIVE_DEALS_REACHED shown as a warning snackbar with the backend's English message. The banners are hard-coded English (an i18n gap noted in the strategy doc). Restores everything.","7139","TC-359: active-deal cap banners — 'You have N of 10' at ≥8, 'Maximum active deals reached' at 10, and activating another is refused with the server message","dashboard","2026-08-24","passed","2026-08-24","Owner — Deals","","",""
"A FREE_DELIVERY coupon with a $1 fee cap on a delivery order whose fee exceeds $1: only $1 is waived, so the order total drops by exactly the cap (not the whole fee) and the fee row does not read 'Free'. Skips cleanly on the same external-dependency conditions as TC-215.","14466","TC-218: a fee cap limits the waiver to the capped amount","customer","2026-08-24","skipped","2026-08-24","Customer — Free-delivery coupon","","",""
"Typing a custom amount above the restaurant's configured maximum shows an inline error and does not advance to payment.","1724","TC-168: a custom amount above the maximum is rejected","customer","2026-08-24","passed","2026-08-24","Customer — Gift Cards","","",""
"Selecting Fixed Amount as the discount type and a positive dollar value creates the coupon.","5047","TC-145: owner can create a FIXED_AMOUNT coupon","dashboard","2026-08-24","passed","2026-08-24","Owner — Coupons","","",""
"","1","TC-169: balance check shows the correct balance for a freshly purchased card","customer","2026-08-24","skipped","2026-08-24","Customer — Gift Cards","","",""
"Chain shell → Create Deal: the picker lists shared master items (anchor-location caption), the submit reads 'Create deal for all 2 locations', clicking it opens 'Heads up — chain-wide change' → Continue → POST /api/chains/:gid/deals 201 → 'Deal created successfully' → back on the chain table with a 'Chain' row; public /active at BOTH locations lists it. (The fan-out confirm is suppressed for the rest of the browser session after the first Continue — this test clears that flag first.)","6711","TC-366: creating a chain deal in the chain shell goes through the fan-out confirm and lands at every location","dashboard","2026-08-24","passed","2026-08-24","Owner — Chain deals","","",""
"Choosing a status in the Filters panel and applying it fires the management fetch with the filter and closes the panel — exercising the filter end-to-end, beyond TC-89 which only opened it.","5527","TC-132: filtering by Order Status re-queries the orders grid","dashboard","2026-08-24","passed","2026-08-24","Owner — Orders Tab","","",""
"Builds the combo, checks out as a pickup guest with the Stripe VISA test card → 'Order Confirmed!'. The order (owner GET /api/order/:id) carries orderDeals[0] {dealId, dealPrice 21, quantity 1} and 3 orderDealItems; on payment processDealStatistics increments Deal.timesUsed / totalRevenue → the /stats summary moves by +1 / +21, the Manage Deals row reads '1 times' + '$21.00', and Deal Analytics' Top Performing Deals lists it. Leaves one real paid order on QA (as TC-26 does).","17162","TC-371: paying for a deal order records the deal on the order and bumps the owner's usage counters (stats API, Manage Deals row, Deal Analytics)","customer","2026-08-24","passed","2026-08-24","Deals → Storefront hand-off","","",""
"The owner turns ON pass-processing-fee for the restaurant (server-side). The template-wind checkout order summary then shows a server-authoritative 'Processing Fee' line and the quoted Total rises above the fee-OFF baseline. Proves the flag → /quote → customer display round-trip end-to-end. The fee is always restored to OFF in a finally (shared QA restaurant).","2971","TC-222: enabling the processing fee adds a Processing Fee line and raises the wind checkout total","customer","2026-08-24","passed","2026-08-24","Customer — Processing fee pass-through","","",""
"PUT /api/order/orderId/:id/status and PUT /api/order/statistics/:id/status validate the status against a 9-value allowlist (PENDING…REFUNDED). A bogus value is a 400 'Invalid order status' and the order is left untouched. INITIALIZED and SHIPPED exist in the enum but are deliberately not accepted here either.","602","TC-255: an unknown status value is rejected by both status endpoints @smoke","dashboard","2026-08-24","passed","2026-08-24","Owner — Orders API contract","","",""
"Regression for the template lock: PATCHing templateId is silently ignored by the field allowlist, so a program can never be pointed at mismatched email content.","356","TC-204: templateId cannot be reassigned through the API (view-only lock)","dashboard","2026-08-24","passed","2026-08-24","Admin — Marketing automations","","",""
"Filling the sign-up form and submitting redirects off /sign-up to the dashboard home. A fresh self-serve account is role USER (with only VIEW_RESTAURANT) — it does not become OWNER until the account creates a restaurant.","4259","TC-93: a visitor can register a new account","dashboard","2026-08-24","passed","2026-08-24","Public — Sign up","","",""
"Clicking Customers in the portal sidebar loads the customer directory: the sub-tabs (All Customers / Customer Groups), the search field, and the Total Customers stat are all present.","3563","TC-136: owner can open the Customers tab and see the directory @smoke","dashboard","2026-08-24","passed","2026-08-24","Owner — Customers Tab","","",""
"MenuPage's landing-page deep link: /menu?restaurantId=<id>&item=<itemId> auto-opens the item modal (and scrolls to its group) once the menu loads — no card click needed.","1572","TC-184: the ?item= deep link auto-opens that item's modal","customer","2026-08-24","passed","2026-08-24","Customer — Menu Browsing","","",""
"Typing in the customer search fires GET /api/customers/restaurant/:id with the search term — proving the directory filters against the backend rather than only client-side.","3712","TC-137: searching the customer directory re-queries the server","dashboard","2026-08-24","passed","2026-08-24","Owner — Customers Tab","","",""
"Clicking Owner Settings in the sidebar loads the settings view: the title, both sub-tabs (Automated Reports / Notifications), and — once the settings fetch resolves — the Automated Business Reports section, its Schedule, and the Save Settings button. Read-only: no toggle is flipped and nothing is saved, so the shared QA owner account's real report config is untouched.","2435","TC-139: owner can open Owner Settings and see the Automated Reports form","dashboard","2026-08-24","passed","2026-08-24","Owner — Owner Settings Tab","","",""
"","1","TC-144: employee sees the required checklist on the publish page","dashboard","2026-08-24","skipped","2026-08-24","Employee — Publish menu","","",""
"The intruder (a real OWNER with VIEW_RESTAURANT, owning a different restaurant) hits the statistics READ routes with the seed restaurant's id / order id → 403 on every one (RestauNax #621; before it, the routes checked only the permission and leaked customer PII cross-tenant). Positive controls: the seed owner gets 200 on the same URLs, and the intruder gets 200 on their OWN restaurant. Unknown order ids are 404 — the lookup runs before the ownership check, so ids can't be probed for existence via the 403. The receipt route is pinned separately (TC-227b).","974","TC-227: another owner cannot read a restaurant's order list, stats or order detail","dashboard","2026-08-24","passed","2026-08-24","Owner — Orders API auth & tenant isolation","","",""
"","235","TC-76: changing a user's role to an unknown value is rejected","dashboard","2026-08-24","passed","2026-08-24","Admin — User Management > Settings tab — negative","","",""
"Chain deals live on the RestaurantGroup (Deal.restaurantId XOR restaurantGroupId). Created from shared master items → public /active at Loc A AND Loc B lists it, /quote at Loc B charges its dealPrice, GET /api/chains/:gid/deals lists it, but GET /api/deals/restaurant/<Loc A> (the owner list) does not (restaurantId-scoped). A seed-restaurant (non-chain) item is refused with 400. Deleted through the scope-agnostic DELETE /api/deals/:id.","1071","TC-344: a chain deal (POST /api/chains/:gid/deals) is offered at every member and quoted there, but is not in a member's owner list; non-chain items are refused","dashboard","2026-08-24","passed","2026-08-24","Owner — Deals API contract","","",""
"Owner clicks Edit Item on an existing menu item, updates name and price in the wizard, and verifies the success toast.","10362","TC-43: owner can edit a menu item name and price","dashboard","2026-08-24","passed","2026-08-24","Owner — Menu Management > Category and item CRUD","","",""
"POST /menu/item/new without a name field is rejected with a 4xx status, bypassing the UI.","195","TC-65: creating a menu item with no name is rejected","dashboard","2026-08-24","passed","2026-08-24","API — Negative cases","","",""
"Flipping the master switch persists Restaurant.lifecycleMarketingOptOut (verified via API); the test restores the original state.","3325","TC-207: the master switch pauses and resumes all automated marketing","dashboard","2026-08-24","passed","2026-08-24","Owner — Automated Marketing","","",""
"After creating a coupon, it shows up as a row in the Manage Coupons list (a separate tab from Create Coupon, never visited by prior tests).","5140","TC-91: owner can see a created coupon in the Manage Coupons list","dashboard","2026-08-24","passed","2026-08-24","Owner — Coupons","","",""
"","2646","TC-60: invalid credentials show an error","dashboard","2026-08-24","passed","2026-08-24","Public — Sign in","","",""
"The frontend doesn't gate gift-card redemption on whether a coupon is already applied (or vice versa) — both discounts show simultaneously. This documents currently-supported behavior; it does not touch the separate canCombineWithCoupons config flag, which isn't enforced by either side today (see TEST_COVERAGE.md's Known Technical Debt).","886","TC-176: a coupon and a gift card can both be applied to the same order","customer","2026-08-24","failed","2026-08-24","Customer — Checkout gift card","","",""
"An export of nothing is a 400 on the backend, so the toolbar disables the Export button while totalCount is 0 and re-enables it once rows are back.","5231","TC-249: Export is disabled when the current view has no orders","dashboard","2026-08-24","passed","2026-08-24","Owner — Orders Tab","","",""
"POST /api/deals/restaurant/:id with Burger ×2 + Fries at dealPrice 20 → 201. originalPrice = 26.50 (2×10 + 6.50), savingsAmount 6.50, savingsPercentage 24.5 (1 dp), status ACTIVE, imageUrl null (the image is generated by a worker later), and the qty-2 slot is stored as TWO qty-1 DealItem rows (the platform-wide 'one row per unit' invariant) with sortOrder preserved.","560","TC-325: create computes the money fields server-side, defaults to ACTIVE and splits quantity into qty-1 slots","dashboard","2026-08-24","passed","2026-08-24","Owner — Deals API contract","","",""
"Selecting an allowsDuplicates modifier reveals its Qty stepper; bumping quantity to 2 doubles that modifier's contribution ($10.00 + 2 × $1.50 = $13.00).","2536","TC-194: an allowsDuplicates modifier's quantity stepper multiplies its price","customer","2026-08-24","passed","2026-08-24","Customer — Item Modifiers","","",""
"GET /api/deals/restaurant/:id augments each deal: computedStatus = EXPIRED when status is ACTIVE but endDate < now (status itself stays ACTIVE — expiry is computed on read, never written); hasOutOfStockItem / isAvailable reflect a required item's outOfStock; list is createdAt desc.","895","TC-327: owner list — computedStatus EXPIRED for a past endDate, isAvailable false when a required item is 86'd, newest first","dashboard","2026-08-24","passed","2026-08-24","Owner — Deals API contract","","",""
"Changing the delivery order standard prep time and clicking Save changes PUTs the update and shows a success toast. The test restores the original value afterward so it doesn't leave the shared QA restaurant's data mutated.","3602","TC-88: owner can edit and save a Store Settings field","dashboard","2026-08-24","passed","2026-08-24","Owner — Restaurant Management Portal","","",""
"PUT /api/deals/:id writes only the keys present. Renaming keeps items and prices; sending `items` deletes and recreates every DealItem row (ids CHANGE — clients holding dealItemId must refetch) and recomputes originalPrice/savings; a dealPrice-only patch reprices against the existing slots.","1206","TC-328: GET /:dealId 404 for unknown; PUT is a patch (name-only keeps the slots; new items re-create the slots and reprice)","dashboard","2026-08-24","passed","2026-08-24","Owner — Deals API contract","","",""
"Chain: PATCH …/carried {restaurantId:A, isCarried:false} → owner read for A still lists the item with isCarried:false (so it can be restored), the CUSTOMER read for A omits it, and B still sells it; isCarried:true restores.","949","TC-277: un-carrying a shared item hides it from that location's storefront only","dashboard","2026-08-24","passed","2026-08-24","Owner — Menu API contract","","",""
"The minimum-order and fee-cap fields are enabled and required for a Free Delivery coupon: submitting without them is blocked with field errors, and once filled the coupon persists with both values (the margin guardrail — the fee waiver is self-funded).","4173","TC-216: a Free Delivery coupon requires a minimum order and a fee cap","dashboard","2026-08-24","passed","2026-08-24","Owner — Coupons","","",""
"At A's builder, 'Add <shared category> Item' → dialog 'Who is this item for?' → 'Just this store' → wizard at ?ownerOnly=1 with the banner 'This item is for this location only…' → save → the item is listed at A with the 'This location only' chip / 'Only here' badge and is absent from B and from the chain shell; 'All my stores' → no ownerOnly, item present at both.","11582","TC-314: 'Who is this item for?' — Just this store creates a location-only item invisible to B","dashboard","2026-08-24","passed","2026-08-24","Owner — Chain menu (per-location overrides, shared vs local)","","",""
"","481","TC-350: a second owner cannot create a deal on our restaurant nor delete ours (RestauNax #618)","dashboard","2026-08-24","passed","2026-08-24","Owner — Deals API contract > authorization — another owner (the seed OWNER) against this tenant's deals","","",""
"The admin Restaurants tab loads a table with at least the seed restaurant visible.","2238","TC-32: admin can navigate to the Restaurants tab and see the list @smoke","dashboard","2026-08-24","passed","2026-08-24","Admin — Restaurant Management","","",""
"After Stripe redirects back to /stripe-onboarding-success the page shows either 'Stripe Account Successfully Connected!' or 'Stripe Account Setup In Progress', and the Restaurant Dashboard button is always present.","2935","TC-51: success callback page loads after Stripe redirect","dashboard","2026-08-24","passed","2026-08-24","Owner — Payment Settings (Stripe Setup) > Success callback page","","",""
"","1","TC-97: employee creates a restaurant on behalf of a client","dashboard","2026-08-24","skipped","2026-08-24","Employee — Create restaurant","","",""
"The restaurant created in globalSetup appears as a card on the list page.","2642","TC-14: seed restaurant card is visible with the correct restaurant name","dashboard","2026-08-24","passed","2026-08-24","Owner — My Restaurants List","","",""
"Clicking a row in the orders grid opens a detail dialog with order info, items, and totals — read-only assertions only; no status change/cancel/refund. An order is seeded via the API in beforeAll so a row is always present (no longer dependent on QA residue).","4640","TC-90: opening an order shows its detail view","dashboard","2026-08-24","passed","2026-08-24","Owner — Orders Tab","","",""
"","7832","TC-123: invited user claims access, and sees their access level","dashboard","2026-08-24","passed","2026-08-24","Admin — User Management > Invite → claim → login journey","","",""
"","5507","TC-113: OWNER detail exposes all tabs incl. read-only Restaurants","dashboard","2026-08-24","passed","2026-08-24","Admin — User Management > Detail side sheet","","",""
"POST /restaurant/new with the seed OWNER's token is rejected — restaurant creation requires a permission this account doesn't hold, confirming the API enforces it (not just the UI).","233","TC-79: a restaurant owner without CREATE_RESTAURANT permission cannot self-serve create one","dashboard","2026-08-24","passed","2026-08-24","API — Negative cases","","",""
"Permissions are discovered at runtime: the test grants whatever the Add dialog currently offers, never a hardcoded permission name.","6945","TC-118: admin can add then remove a user-specific permission","dashboard","2026-08-24","passed","2026-08-24","Admin — User Management > Permissions tab","","",""
"?detailOrderId=<garbage> triggers a lookup that 4xx's; the tab must still render the dashboard and grid with no detail sheet and no uncaught page error.","3152","TC-252: deep-linking to an unknown order id does not break the tab","dashboard","2026-08-24","passed","2026-08-24","Owner — Orders Tab","","",""
"Builder card star → PATCH …/featured {featured:true} → 'Featured' badge on the card and the item listed under the Menu tab's 'Featured Items' accordion; star again → badge gone.","10664","TC-305: the card star toggles featured and the Menu tab's Featured accordion reflects it","dashboard","2026-08-24","passed","2026-08-24","Owner — Menu builder, item wizard & item detail","","",""
"At A's builder, 'New Category' shows the radio 'Who is this category for?' — 'Just this store' (default) → chip 'Only at this location' and the category is absent from B; a second one with 'All my stores (shared across 2)' → fan-out confirm 'Heads up — chain-wide change … all 2 locations' → Continue → chip 'Shared · all 2 locations' and present at B / chain shell.","4469","TC-315: New Category at a location offers 'Just this store' vs 'All my stores' scope","dashboard","2026-08-24","passed","2026-08-24","Owner — Chain menu (per-location overrides, shared vs local)","","",""
"Navigating to /restaurant/restaurantId/:id/restaurantManagement loads the portal shell with a sidebar drawer.","2295","TC-15: owner can navigate to the restaurant management page and the portal shell loads","dashboard","2026-08-24","passed","2026-08-24","Owner — Restaurant Management Portal","","",""
"","3703","TC-06: admin can change demo status via inline dropdown","dashboard","2026-08-24","passed","2026-08-24","Admin — Demo Request Actions","","",""
"The row action menu's Duplicate option opens the create form pre-filled with '<code>-COPY', and submitting it creates a second, independent coupon.","6071","TC-159: Duplicate pre-fills a new coupon form from an existing coupon","dashboard","2026-08-24","passed","2026-08-24","Owner — Coupons","","",""
"Before RestauNax #621 this route had no auth middleware and returned every order on the platform (~170 MB of PII on QA). The route is now DELETED: 'now' falls through to the public GET /api/order/:orderId matcher and is treated as an order id, so Express answers 404 ORDER_NOT_FOUND (pinned live on QA 2026-08-19). Anything in the 401/404 family is acceptable; a 200 with a body is the regression this test exists to catch.","109","TC-226: the anonymous all-orders dump GET /api/order/now is gone @smoke","dashboard","2026-08-24","passed","2026-08-24","Owner — Orders API auth & tenant isolation","","",""
"","899","TC-333: public /validate — required-field, not-found and wrong-restaurant branches; valid, inactive and unfilled-slot verdicts","dashboard","2026-08-24","passed","2026-08-24","Owner — Deals API contract","","",""
"","2404","TC-54: OWNER is denied the publish route (EMPLOYEE/ADMIN only)","dashboard","2026-08-24","passed","2026-08-24","Access — Role restrictions","","",""
"The Events sub-tab opens on the Upcoming filter; switching to Past never shows Upcoming-status rows (expired events no longer pollute the default view).","3299","TC-198: events list defaults to Upcoming and Past shows only finished events","dashboard","2026-08-24","passed","2026-08-24","Admin — Marketing campaign events","","",""
"When the owner clicks 'Set Up Stripe Account' the frontend POSTs to /api/stripe/account/restaurant/:id/create, receives an accountLinkUrl, and sets window.location.href to that URL (redirecting to Stripe).","2612","TC-53: clicking Set Up Stripe Account calls the create API and redirects to Stripe","dashboard","2026-08-24","passed","2026-08-24","Owner — Payment Settings (Stripe Setup) > Setup page — pre-connection state (mocked)","","",""
"POST /api/order/statistics/export/:restaurantId with the seed restaurant's id and an intruder token → 403 (RestauNax #621; before it, any VIEW_RESTAURANT holder could export another restaurant's full order history incl. customer email/phone as CSV). Positive control: the seed owner exporting the same search → 200 CSV containing the seeded receipt number.","234","TC-228: another owner cannot export a restaurant's orders","dashboard","2026-08-24","passed","2026-08-24","Owner — Orders API auth & tenant isolation","","",""
"Opening Edit on a coupon loads its current code/value into the form (read-only pre-fill check — does not submit).","4702","TC-162: Edit pre-fills the form with the coupon's existing values","dashboard","2026-08-24","passed","2026-08-24","Owner — Coupons","","",""
"Every automation exposes the same funnel the event campaigns report — pending/sent/failed/skipped/opened/clicked/redeemed/discountValueGiven — all numeric, so 'what worked' is always answerable.","239","TC-212: the stats endpoint returns the full campaign-grade funnel","dashboard","2026-08-24","passed","2026-08-24","Admin — Marketing automations","","",""
"Filter Orders → Order Type = Delivery (scoped to the seed surname) sends orderType=DELIVERY and returns only order B; the pickup seeds A and C are excluded.","6364","TC-235: the Order Type filter returns only orders of that type","dashboard","2026-08-24","passed","2026-08-24","Owner — Orders Tab","","",""
"A gift card funded below the order total covers only part of the charge — the customer still pays the remainder via Stripe, and the order completes normally.","543","TC-178: a gift card that partially covers the order still requires Stripe payment for the remainder","customer","2026-08-24","failed","2026-08-24","Customer — Checkout gift card","","",""
"The margin guardrail: a FREE_DELIVERY coupon carries a minimum order. Applying it to a cart below that minimum is rejected with the 'Order must be at least $X' message — the waiver never applies to a tiny order.","1813","TC-217: a free-delivery code below its minimum order is rejected","customer","2026-08-24","passed","2026-08-24","Customer — Free-delivery coupon","","",""
"","165","TC-124: a bogus invite token grants no elevated access","dashboard","2026-08-24","passed","2026-08-24","Admin — User Management > Invite claim — defensive","","",""
"Applying a freshly purchased, fully-funded gift card at checkout shows the 'Gift card applied' discount summary in the Gift Card box.","366","TC-171: a valid gift card applied at checkout shows the discount","customer","2026-08-24","failed","2026-08-24","Customer — Checkout gift card","","",""
"Win-Back, Welcome, and VIP rows render with the explainer banner, the global caps fields, and the pace helper text (nobody-is-skipped copy).","3981","TC-201: automations tab lists the three seeded programs with intro and caps","dashboard","2026-08-24","passed","2026-08-24","Admin — Marketing automations","","",""
"Owner creates an empty category, then deletes it and verifies it no longer appears in the category tabs.","8093","TC-45: owner can delete a menu category","dashboard","2026-08-24","passed","2026-08-24","Owner — Menu Management > Category and item CRUD","","",""
"Clicking Store Settings in the portal sidebar appends ?tab=Store%20Settings to the URL.","2861","TC-16: owner can navigate to Store Settings via the sidebar","dashboard","2026-08-24","passed","2026-08-24","Owner — Restaurant Management Portal","","",""
"Owner clicks 'Add [Category] Item', completes the 4-step wizard, and verifies the item appears on the menu page.","8622","TC-21: owner can add a menu item to a category","dashboard","2026-08-24","passed","2026-08-24","Owner — Menu Management > Category and item CRUD","","",""
"Builder 'Clone Menu' → dialog 'Clone Menu Items' with 'Step 1: Select Source Restaurant'. Closed without cloning — the actual clone rules are API-covered (TC-280 refuses chain targets).","3756","TC-306: the Clone Menu dialog opens with its source-restaurant step (smoke, no clone)","dashboard","2026-08-24","passed","2026-08-24","Owner — Menu builder, item wizard & item detail","","",""
"Submitting an Item Discount coupon without picking a menu item is blocked and no coupon is created. Note: the app's own validateForm() has a menuItemId-required rule with a custom message, but it never gets a chance to run here — MUI's Select renders a hidden input[name=menuItemId][required] for native HTML5 form validation, and the browser's native 'Please fill out this field' constraint-validation UI intercepts the submit event before React's onSubmit fires (confirmed live: no POST /api/coupons request is ever sent).","4115","TC-147: FIXED_ITEM without a menu item selection is rejected","dashboard","2026-08-24","passed","2026-08-24","Owner — Coupons","","",""
"THE through-line. Guest places a real pickup order on Template Wind (`page`); the owner (`ownerPage`) opens it by id — same receipt #, 'Customer paid' equals the checkout total, the item is listed, Customer Info shows the name/phone the customer typed — then finds it in the grid by the customer's surname (exactly one row) and marks it Confirmed → Preparing → Ready → Picked Up. Never searches by the confirmation page's 'Order #' — that is the DAILY order number, not the permanent receipt.","23206","TC-253 @stripe: a customer's Stripe order reaches the owner with the same receipt, items, total and contact, and the owner works it to Picked Up","dashboard","2026-08-24","passed","2026-08-24","Owner — Orders journey (customer → owner)","","",""
"A maxSelections=2 checkbox group: after two selections the third, unchecked option is disabled (and un-checking frees it again).","2045","TC-191: maxSelections caps a multi-select group — remaining options disable at the cap","customer","2026-08-24","passed","2026-08-24","Customer — Item Modifiers","","",""
"Tips are per-guest, per-leg (OrderPayment.tipAmount): leg amount = share + tip, and each successful leg atomically bumps Order.tip and Order.total by the tip — which is exactly what keeps remaining (total − Σ leg amounts) equal to the outstanding pre-tip check value. $20 check, guest 1 pays $10 + $2 tip → remaining 10, order total 22, tip 2; guest 2's plain $10 closes it.","697","TC-380: a tip on a cash leg rides on top — Order.tip/total bump, remaining consumes only the share","pos","2026-08-24","passed","2026-08-24","POS — Table Service Open Checks","","",""
"","0","TC-02: receive confirmation email after demo request submission","dashboard","2026-08-24","skipped","2026-08-24","Demo Request — Public Form","","",""
"Selecting the Notifications sub-tab shows the 'launching soon' placeholder — documenting that this surface is not yet functional, so no test should assert real notification settings there.","2825","TC-140: the Notifications sub-tab shows the coming-soon placeholder","dashboard","2026-08-24","passed","2026-08-24","Owner — Owner Settings Tab","","",""
"Drives a real customer Stripe checkout on Template Wind, then cancels that order from the owner dashboard. Cancel Order's nested dialog smart-detects a completed Stripe payment and switches to the refund copy/button ('Cancel & Refund'), which triggers a real stripe.refunds.create on confirm (PUT /api/order/statistics/cancel/:orderId).","20238","TC-225 @stripe: owner cancels a Stripe-paid order and triggers a real refund","dashboard","2026-08-24","passed","2026-08-24","Owner — Orders journey (customer → owner)","","",""
"The whole feature in one pass: open a check (kitchen fires, unpaid) → guest 1 pays cash (remaining halves) → guest 2 pays cash with change (closed:true, cashChange computed) → paymentStatus COMPLETED at the source of truth. Every leg response carries {leg, remaining, closed} with remaining recomputed server-side AFTER the leg.","660","TC-378: full lifecycle — open, settle in two cash legs, check closes and the order completes @smoke","pos","2026-08-24","passed","2026-08-24","POS — Table Service Open Checks","","",""
"With the grid narrowed to the seed surname, Export Orders → Current View POSTs /api/order/statistics/export/:id with exportType=current + the search term and the browser receives orders_<date>[…].csv. The file has the 32 documented columns and exactly the three named seed rows (by receipt number). Adding the Pending status filter narrows the CSV to order A.","5776","TC-248: Export → Current View downloads a CSV of exactly the filtered orders","dashboard","2026-08-24","failed","2026-08-24","Owner — Orders Tab","","",""
"Creating a chain requires a founding restaurant that already has a menu, an assigned owner, and doesn't belong to a chain yet. This seeds a throwaway restaurant + menu via the API and assigns the seed OWNER account to it (never the shared seed restaurant, since chain membership isn't easily undone — there's no DELETE chain endpoint), then drives the real Create Chain UI flow: search the founding store, submit, land on the auto-opened detail panel, and confirm the new chain shows up back in the list.","19502","TC-223: admin creates a chain from a founding restaurant","dashboard","2026-08-24","failed","2026-08-24","Admin — Chains","","",""
"","2","TC-28: owner can see publish checklist items on the publish page","dashboard","2026-08-24","skipped","2026-08-24","Owner — Publish Restaurant","","",""
"Searching orders for a query that matches nothing shows the 'No orders found' empty state instead of an error or a stale table.","4471","TC-70: searching for a nonexistent order shows the empty state","dashboard","2026-08-24","passed","2026-08-24","Owner — Orders Tab","","",""
"Navigating directly to /restaurant/stores with no session redirects to /sign-in rather than rendering the dashboard.","2942","TC-71: an unauthenticated visitor hitting the owner restaurant list is redirected to sign-in","dashboard","2026-08-24","passed","2026-08-24","Access — Unauthenticated","","",""
"With the deal auto-added but its slot unfilled, the checkout proceed button is disabled and labeled 'Complete Deals to Continue'.","3044","TC-196: an incomplete deal blocks checkout with 'Complete Deals to Continue'","customer","2026-08-24","passed","2026-08-24","Customer — Deals","","",""
"","4200","TC-42: owner can edit a menu category name","dashboard","2026-08-24","skipped","2026-08-24","Owner — Menu Management > Category and item CRUD","","",""
"Chain: 86 a shared item at A and at B. POST /menu/menu-groups/:sharedGroup/reset-availability {restaurantId:A} → A reads outOfStock:false while B is still out of stock (only A's override rows are cleared — RestauNax #602). The legacy call without restaurantId only clears the master flag, so B stays 86'd until its own location reset. A non-member restaurantId → 400.","875","TC-282: chain reset-availability with restaurantId un-86s that location only; without it, the master flag","dashboard","2026-08-24","passed","2026-08-24","Owner — Menu API contract","","",""
"","3109","TC-87: Manage Deals tab shows the Create Deal and AI Generate Deals actions","dashboard","2026-08-24","passed","2026-08-24","Owner — Deals","","",""
"A category that still contains items must not be deletable — the owner-facing menu editor hides the category 'Delete' button until the category is empty, preventing accidental bulk-deletion of its items. (Runs after TC-21, which leaves an item in the category.)","4611","TC-67: owner cannot delete a category that has items","dashboard","2026-08-24","passed","2026-08-24","Owner — Menu Management > Category and item CRUD","","",""
"Location A's Menu tab: header 'Managing: A • part of your chain' + 'Switch to chain view (2 locations)'; banner 'You're editing A. Shared items come from the chain menu…'; summary 'N shared (chain) · N only this location'; the shared item is chipped 'From shared menu' and has $ + carry icons, the local item is chipped 'This location only' and has neither. The builder's scope bar reads 'Editing menu for:' with 'Switch to all 2 locations' → the chain shell Menu tab.","5399","TC-308: a chain member's Menu tab shows the location banner, split summary and per-item source chips","dashboard","2026-08-24","passed","2026-08-24","Owner — Chain menu (per-location overrides, shared vs local)","","",""
"","3860","TC-356: the status switch deactivates and re-activates a deal (PATCH 200 + snackbar + badge)","dashboard","2026-08-24","passed","2026-08-24","Owner — Deals","","",""
"Sending the pre-filled follow-up email flips demo status NEW -> CONTACTED and delivers a real email through the Mailpit sandbox (verified via waitForEmail, gated on MAILPIT_BASE_URL).","29693","TC-08: admin can send a follow-up email","dashboard","2026-08-24","failed","2026-08-24","Admin — Demo Request Actions","","",""
"End user navigates to /demo, fills personal and business info, submits the form, and sees the success dialog.","21268","TC-01: submit demo request form and display success confirmation","dashboard","2026-08-24","failed","2026-08-24","Demo Request — Public Form","","",""
"","5824","TC-115: admin can change a user's role","dashboard","2026-08-24","passed","2026-08-24","Admin — User Management > Settings tab","","",""
"Detail page 'Upload' → hidden file input → POST /upload/menu/item/picture/:id → 'Remove Image' shown; 'Remove Image' → confirm 'Yes, Remove' → DELETE …/picture → back to the upload-only overlay; GET /menu/itemId/:id imageUrls goes truthy then null.","6755","TC-301: item detail Upload / Remove Image round-trip","dashboard","2026-08-24","passed","2026-08-24","Owner — Menu builder, item wizard & item detail","","",""
"The margin guardrail applies at the POS too: an order below the coupon's minimum is rejected before any waiver is computed.","31","TC-221: validate rejects an order below the minimum","pos","2026-08-24","passed","2026-08-24","POS — Free-delivery coupon (validate contract)","","",""
"Seed dedup regression: after renewals + container-restart seeds, each recurring holiday exists exactly once (the original bug re-created current-year duplicates pointing at expired coupons).","194","TC-199: recurring holiday events are never duplicated across years","dashboard","2026-08-24","passed","2026-08-24","Admin — Marketing campaign events","","",""
"","5129","TC-117: admin can send a password reset email","dashboard","2026-08-24","passed","2026-08-24","Admin — User Management > Settings tab","","",""
"Pizza + fries @ $15; the pizza slot is customised with 'Extra Cheese' (+$2.00, ADJUSTS_PRICE). Checkout shows 'Modifiers/Upgrades +$2.00', the expanded deal lists '1x <pizza> (+$2.00)', and the page's own /quote returns upcharge 2 / lineTotal 17 / subtotal 17 — the client's number is recomputed server-side.","5023","TC-369: a modifier chosen on a deal slot is charged as an upcharge on top of the deal price — in the summary and in the quote","customer","2026-08-24","passed","2026-08-24","Deals → Storefront hand-off","","",""
"Filling in a Stripe DECLINED test card and clicking Complete Order shows a Payment Error on the checkout page instead of reaching Order Confirmed.","9783","TC-64: a declined card shows a payment error and does not place the order","customer","2026-08-24","passed","2026-08-24","Customer — Order Placement","","",""
"At A, edit the shared item's name in the wizard and save → PUT …/changes; the new name shows on BOTH locations' Menu tabs (shared row = one MenuItem). If the build shows the 'Heads up — chain-wide change' fan-out confirm it is accepted (Continue) — the QA build at the time of writing did not.","12139","TC-313: editing a shared item at one location fans out to every location","dashboard","2026-08-24","passed","2026-08-24","Owner — Chain menu (per-location overrides, shared vs local)","","",""
"Searching for a code that doesn't exist shows the 'No coupons found' empty state.","4123","TC-155: Manage Coupons search with no matches shows the empty state","dashboard","2026-08-24","passed","2026-08-24","Owner — Coupons","","",""
"","6440","TC-361: creating a deal through the form persists the split slots and the server-computed savings, then lands on the table","dashboard","2026-08-24","passed","2026-08-24","Owner — Deals","","",""
"The Orders DataGrid renders a real column set (Status is in view, plus several more) — not just a search bar (TC-29 only checked the search UI). Far-right columns (Payment, Subtotal) are column-virtualized out of the DOM at the default viewport, so we assert the in-view Status header plus a minimum header count rather than every label.","3021","TC-131: the orders grid shows the key column headers","dashboard","2026-08-24","passed","2026-08-24","Owner — Orders Tab","","",""
"Owner sets Base price 14 for the shared item at location A via the $ dialog. Storefront ?restaurantId=A shows $14.00 on the card while ?restaurantId=B still shows $12.00; the public POST /api/order/:id/quote (what checkout charges) returns subtotal 14 at A and 12 at B — the 'shown $14, charged $12' defect class. (Fixture locations aren't published, so the storefront modal/cart is inert there; the charge is asserted on the quote endpoint checkout itself calls.) Override cleared afterwards.","7262","TC-321: a per-location price override is what the customer sees AND what the server quotes — at that location only","customer","2026-08-24","passed","2026-08-24","Menu → Storefront hand-off","","",""
"","0","TC-180: a user can view/set their POS PIN","dashboard","2026-08-24","skipped","2026-08-24","Staff — Portal","","",""
"Exact 400/404 strings from dealController.createDeal, in evaluation order: required fields → price > 0 → validTimeStart regex → validTimeEnd regex → restaurant exists.","801","TC-326: create validation — missing fields, non-positive price, bad HH:MM, unknown restaurant","dashboard","2026-08-24","passed","2026-08-24","Owner — Deals API contract","","",""
"updateDeal now runs the same cap check — an INACTIVE deal can't be activated past the cap through PUT. 10 active + 1 inactive candidate → PUT {status:'ACTIVE'} → 400.","2183","TC-335b: PUT /:dealId {status:'ACTIVE'} at the cap is refused (RestauNax #618)","dashboard","2026-08-24","passed","2026-08-24","Owner — Deals API contract > MAX_ACTIVE_DEALS","","",""
"The row action menu's Send to Customers item is disabled once a coupon's computed status is Expired (only enabled while ACTIVE).","3653","TC-163: Send to Customers is disabled for an expired coupon","dashboard","2026-08-24","passed","2026-08-24","Owner — Coupons","","",""
"…/tab/settle-gift-card negatives: an unknown code answers 400 (same lookup + scope + status + balance rules as every redemption path), and a tip in the body is refused loudly rather than silently dropped — platform policy is that a gift card never covers the tip. HAPPY-PATH TODO: needs a mintable ACTIVE gift card; QA has no mint path without real money (purchase verifies a SUCCEEDED Stripe PaymentIntent; admin routes only freeze/adjust existing cards).","551","TC-381: gift-card leg contract — unknown code 400, smuggled tip 400 (gift cards never cover tips)","pos","2026-08-24","passed","2026-08-24","POS — Table Service Open Checks","","",""
"The order-detail sheet's status control is a single forward-only 'Mark as {next status}' button (OrderDetailsDialog.tsx's getNextStatus()), not a dropdown — clicking it PUTs /api/order/orderId/:id/status and the button advances to the next status in the sequence.","4728","TC-224: owner advances an order's status via Mark as X","dashboard","2026-08-24","passed","2026-08-24","Owner — Orders Tab","","",""
"","200","TC-286: another owner must not upload an image onto our item","dashboard","2026-08-24","passed","2026-08-24","Owner — Menu API contract > authorization — a second owner against our menu","","",""
"Backing out of the cancel dialog must be free of side effects: no cancel request is sent, the nested dialog closes and the sheet still offers Cancel Order.","4209","TC-247: 'Keep Order' closes the cancel dialog without cancelling","dashboard","2026-08-24","passed","2026-08-24","Owner — Orders Tab","","",""
"Selecting the Free Delivery discount type hides the discount-value field (the fee waiver is computed at checkout), and the created coupon persists with type FREE_DELIVERY.","4250","TC-209: owner can create a Free Delivery coupon (no discount value)","dashboard","2026-08-24","passed","2026-08-24","Owner — Coupons","","",""
"After narrowing the Order Status filter, the Reset button returns it to 'All Statuses' so the owner can clear a filter without reloading the page.","5438","TC-133: resetting the filters restores the default status","dashboard","2026-08-24","passed","2026-08-24","Owner — Orders Tab","","",""
"While a search term is set the date range is ignored server-side; the toolbar says so with an info banner and a Clear Search action. Clearing re-queries WITHOUT ?search= and WITH the startDate/endDate pair again, hides the banner and empties the input.","4974","TC-233: search mode shows the 'all orders' banner and Clear Search restores the date-range list","dashboard","2026-08-24","passed","2026-08-24","Owner — Orders Tab","","",""
"","4457","TC-112: USER detail shows the role-appropriate tabs","dashboard","2026-08-24","passed","2026-08-24","Admin — User Management > Detail side sheet","","",""
"The dashboard is forward-only but the API is not a state machine: DELIVERED → PENDING is a 200 today and resets completedAt to null. Pinned on purpose (decision 2026-08-15) so a future state-machine change is a conscious one — see the fixme twin below.","504","TC-259: [pinned] backwards status moves are currently accepted and clear completedAt","dashboard","2026-08-24","passed","2026-08-24","Owner — Orders API contract","","",""
"Filling the form with a malformed email and clicking submit leaves the visitor on /demo with no success dialog (native email-type validation blocks it).","19812","TC-75: submitting an invalid email format does not submit the form","dashboard","2026-08-24","failed","2026-08-24","Demo Request — Public Form","","",""
"Card 'Clone Item' (data-testid menu-item-clone) → wizard at ?cloneFrom=<id> prefilled with '<name> (Copy)' and the source price → rename → save → two cards exist and the clone has its own id.","8904","TC-299: Clone Item opens a prefilled wizard and saves a second, independent item","dashboard","2026-08-24","passed","2026-08-24","Owner — Menu builder, item wizard & item detail","","",""
"","5692","TC-110: status filter narrows the list","dashboard","2026-08-24","passed","2026-08-24","Admin — User Management > List, search & filter","","",""
"Clicking 'Restaurant Dashboard' on the success page navigates to /restaurant/restaurantId/<id>/restaurantManagement.","2994","TC-52: clicking Restaurant Dashboard redirects to restaurant management","dashboard","2026-08-24","passed","2026-08-24","Owner — Payment Settings (Stripe Setup) > Success callback page","","",""
"MENU_MODIFIER_SYSTEM.md rules enforced on save: an INCLUDED group stores every option at $0 even when the client sends prices; a nested (child) group is forced to INCLUDED/$0 regardless of the requested pricing mode; a grandchild group is dropped; sortOrder = submitted array index.","321","TC-265: modifier normalisation — INCLUDED prices → 0, child groups forced free, one level of nesting","dashboard","2026-08-24","passed","2026-08-24","Owner — Menu API contract","","",""
"PUT /menu/menu-items/:id/modifier-order persists sortOrder = array position at every level; a group id that doesn't belong to the item matches zero rows (its own sortOrder is untouched).","532","TC-267: modifier reorder is index-based and ignores foreign ids","dashboard","2026-08-24","passed","2026-08-24","Owner — Menu API contract","","",""
"The picker grid returns the upserted RestaurantTable row with the check's live summary: remaining = full total before any leg, orderNumber = the DAILY number and receiptNumber = the permanent one (platform naming rule D10), tabOpenedAt, and the server's short name from the staff attribution.","490","TC-375: GET /api/tablet/tables lists the table with its open-check summary (remaining = total, daily + receipt numbers)","pos","2026-08-24","passed","2026-08-24","POS — Table Service Open Checks","","",""
"","761","TC-339: /quote rejects a deal from another restaurant and an INACTIVE deal with the customer-facing messages","dashboard","2026-08-24","passed","2026-08-24","Owner — Deals API contract","","",""
"An ACTIVE deal (API-seeded) references the item → detail 'Delete' → confirm → backend 409 → dialog 'Cannot Delete This Item' listing the deal under 'Active Deals' → OK; the item stays active.","4176","TC-303: Delete is blocked with a 'Cannot Delete This Item' dialog while an active deal uses the item","dashboard","2026-08-24","passed","2026-08-24","Owner — Menu builder, item wizard & item detail","","",""
"For API-seeded deals the row shows: name, 'N items' (qty-1 slots), $deal + struck $original, 'X% off' (0 dp), restrictions ('All days'/'All day' or 'Mon, Wed' + '11:00 - 14:00'), the status badge, and '0 times'. Stat cards Total/Active Deals equal the counts in the GET /api/deals/restaurant/:id response the page itself received (concurrency-safe).","4377","TC-351: the table renders the seeded deals cell-for-cell and the stat cards equal the page's own list response","dashboard","2026-08-24","passed","2026-08-24","Owner — Deals","","",""
"A customer order (seeded via the public order API at its real menu price, bumped to PENDING — no Stripe) appears in the restaurant's live current-orders feed, and can be driven PENDING → CONFIRMED → PREPARING → READY → PICKED_UP with each transition confirmed at the API source of truth.","1209","TC-100: a placed order is received on the POS and driven through the full lifecycle","pos","2026-08-24","passed","2026-08-24","POS — Order Lifecycle","","",""
"At A: $ dialog → set Base price 13 and Large 18 → two 'Overridden' chips → Save → PATCH body carries basePriceOverride + a modifierOverrides row; A's API read resolves Large=18 (masterPrice 15) and B is untouched; reopen → '%' quick-adjust 10 + Apply previews values relative to the SHARED prices (13.20 / 16.50 — asserted on the inputs, not saved) → per-row 'Reset to shared price' ×2 → Save → both back to shared.","5509","TC-318: the $ dialog overrides a size price per location; row resets clear them","dashboard","2026-08-24","passed","2026-08-24","Owner — Chain menu (per-location overrides, shared vs local)","","",""
"Editing a coupon's discount value and saving persists the new value. This previously 500'd server-side because the form sent `value` as a string but Prisma's coupon.update() expects a Float (RestauNax #481); the fix coerces numeric fields on both the form and the update controller. Verifies the update toast appears and the new value is reflected server-side.","4917","TC-92: owner can edit an existing coupon's discount value","dashboard","2026-08-24","passed","2026-08-24","Owner — Coupons","","",""
"Toggling one program row persists that enrollment only (verified via API — the other programs keep their state); restored afterwards.","3413","TC-208: a single program can be paused without touching the others","dashboard","2026-08-24","passed","2026-08-24","Owner — Automated Marketing","","",""
"Choosing a custom range far in the past (before the restaurant existed) makes the stats endpoint return 0 orders; the header swaps the cards for 'No orders in this date range' and its CTA re-opens the date picker.","5595","TC-251: a date range with no orders shows the empty state with a 'Change date range' CTA","dashboard","2026-08-24","passed","2026-08-24","Owner — Orders Tab","","",""
"Add-item wizard step 0 → 'Browse Templates' → 'Menu Item Templates' gallery (lazy per cuisine) → Pizza → search 'pizza' → 'Use This Item' on the first result → the Item Name and Base Price fields are prefilled (no save).","3743","TC-298: 'Start from a Template' prefills name and price from the gallery","dashboard","2026-08-24","passed","2026-08-24","Owner — Menu builder, item wizard & item detail","","",""
"Chain: PATCH …/price-override {restaurantId:A, priceOverride:14} → A's merged menu shows effectivePrice/price=14 with masterPrice=12; B still 12; priceOverride:null clears A back to 12.","653","TC-275: a per-location price override changes only that location's effective price","dashboard","2026-08-24","passed","2026-08-24","Owner — Menu API contract","","",""
"Create an org coupon + recurring event via API, renew twice. Both calls must succeed — the second reuses/repairs the existing next-year coupon instead of failing with 'coupon already exists' (the original bug).","1092","TC-200: renewing an event coupon is idempotent (second renew succeeds as reuse)","dashboard","2026-08-24","passed","2026-08-24","Admin — Marketing campaign events","","",""
"Add-item wizard end to end: Basic Information → three modifier groups (Size = Sets Final Price, min1/max1, Small default + Large; Extras = Adds to Price with Allow Multiples; Remove = Free) → skip image → Review auto-saves. The item detail page lists the groups under 'Customization Options' with Min/Max and the API stores the pricing modes and prices as entered (Free options at $0).","12232","TC-296: the wizard saves an item with a Sets-Final-Price size group, a paid extra and a free group","dashboard","2026-08-24","passed","2026-08-24","Owner — Menu builder, item wizard & item detail","","",""
"TC-132 proved the request fires; this proves the ROWS are right. Search by the seed surname (so the result set is exactly our three rows) then filter Pending → the response carries status=PENDING and contains only order A (PENDING) — B (CONFIRMED) and C (CANCELLED) are gone.","5866","TC-234: the Order Status filter returns only orders in that status","dashboard","2026-08-24","passed","2026-08-24","Owner — Orders Tab","","",""
"PENDING → Confirmed → Preparing → Ready → Picked Up via the single forward-only 'Mark as …' button, each click confirmed by the status PUT. At the terminal status the button disappears, the header chip reads 'Picked Up', all four prior steps are marked complete, and the sheet stays open.","6105","TC-244: owner drives a pickup order through its whole lifecycle from the detail sheet","dashboard","2026-08-24","passed","2026-08-24","Owner — Orders Tab","","",""
"COUPON_RULES_AND_FREE_DELIVERY.md: 'a coupon and a deal cannot both apply to one order … the engine never prices both'. #619 (product decision: option A) makes the engine enforce it for every client (not just template-wind): /quote with a deal + a % coupon returns couponDiscount 0 and a coupon_deal_exclusive ERROR issue.","856","TC-343: the pricing engine enforces Coupon ⊥ deal — a coupon on an order with a deal is priced at 0 (RestauNax #619)","dashboard","2026-08-24","passed","2026-08-24","Owner — Deals API contract","","",""
"Flipping a program's Enabled switch persists to the backend; the test restores the original state so no automation is left accidentally enabled/disabled on QA.","3676","TC-203: the enabled switch toggles a program and persists","dashboard","2026-08-24","passed","2026-08-24","Admin — Marketing automations","","",""
"'Generate Menu' → 'AI Menu Import' (Upload File / Import from URL); 'Generate Images' → 'Bulk AI Image Generation'; wizard 'Paste Text' → 'Paste Menu Item'. Each is closed without submitting.","6659","TC-307: AI entry points open their dialogs (presence only — nothing is generated)","dashboard","2026-08-24","passed","2026-08-24","Owner — Menu builder, item wizard & item detail","","",""
"Full happy path: pre-seeded cart → fill form → Proceed to Payment → fill Stripe VISA test card → Complete Order → Order Confirmed page.","11885","TC-26: customer can complete a full order with Stripe test card and reach Order Confirmed","customer","2026-08-24","passed","2026-08-24","Customer — Order Placement","","",""
"A minSelections=1 group with no default: the group shows its Required pill and Add to Cart stays disabled; picking an option enables it.","1627","TC-189: a required modifier group blocks Add to Cart until a selection is made","customer","2026-08-24","passed","2026-08-24","Customer — Item Modifiers","","",""
"Select Delivery, resolve a fee quote, then apply the free-delivery code: the coupon applies and the order summary shows the delivery fee waived ('Free'). Skips cleanly when the restaurant is pickup-only, Google Places yields no suggestion, or delivery is not available at the address (external dependencies, mirroring TC-126).","14840","TC-215: on a delivery order the code waives the fee and shows Free","customer","2026-08-24","skipped","2026-08-24","Customer — Free-delivery coupon","","",""
"Since #618 every deal handler asserts restaurant/deal ownership (was a global-capability IDOR — the seed owner could read a foreign restaurant's deals/stats/menu with 200). The seed owner now gets 403.","645","TC-347: a second owner cannot READ our deals, stats, deal-picker menu or a deal by id (RestauNax #618)","dashboard","2026-08-24","passed","2026-08-24","Owner — Deals API contract > authorization — another owner (the seed OWNER) against this tenant's deals","","",""
"The one true end-to-end cart path: open the item modal, click Add to Cart, open the cart via the floating View Cart button, and click through to /checkout. Every other checkout test seeds the cart via sessionStorage for speed — this test is the safety net that the real add-to-cart wiring (and the cart storage schema seedCart mimics) actually works.","5590","TC-99: customer can add an item to the cart and reach checkout through the real UI flow","customer","2026-08-24","passed","2026-08-24","Customer — Menu Browsing","","",""
"The create form has no client-side uniqueness check, so a second coupon with the same code reaches the API and is rejected there (backend enforces per-restaurant code uniqueness).","6415","TC-151: a duplicate coupon code on the same restaurant is rejected","dashboard","2026-08-24","passed","2026-08-24","Owner — Coupons","","",""
"","6931","TC-362: Edit pre-fills the form; renaming, repricing, removing and adding a slot round-trips through PUT and the table","dashboard","2026-08-24","passed","2026-08-24","Owner — Deals","","",""
"/chain/:groupId/restaurantManagement?tab=Menu: banner 'This is your shared menu — changes here apply to all 2 locations…'; 'Manage shared menu (all locations)' button; the shared item's availability switch is disabled and it has no $ / carry icons; A's location-only item is not listed at all (?sharedItemsOnly=true).","3326","TC-309: the chain shell Menu tab is the shared view — no per-location controls, local items hidden","dashboard","2026-08-24","passed","2026-08-24","Owner — Chain menu (per-location overrides, shared vs local)","","",""
"","0","TC-166: guest purchases a gift card with a custom amount","customer","2026-08-24","skipped","2026-08-24","Customer — Gift Cards","","",""
"Clicking Orders in the portal sidebar loads the orders tab with a search bar and table column headers.","3701","TC-29: owner can navigate to the Orders tab and see the orders search bar @smoke","dashboard","2026-08-24","passed","2026-08-24","Owner — Orders Tab","","",""
"","3517","TC-355: expanding a row lists its slots as '1x <item> ($price)' chips","dashboard","2026-08-24","passed","2026-08-24","Owner — Deals","","",""
"Selecting the 'Last 7 days' preset and applying it re-fetches the dashboard for the new window: the request fires, the picker closes, and the page resolves again with no load error.","12966","TC-129: changing the range to Last 7 days reloads the dashboard","dashboard","2026-08-24","failed","2026-08-24","Owner — Analytics Tab","","",""
"","209","TC-283: another owner must not be able to edit our item (PUT …/changes)","dashboard","2026-08-24","passed","2026-08-24","Owner — Menu API contract > authorization — a second owner against our menu","","",""
"Opening /deals/<id> auto-adds the deal to the cart and shows per-slot progress ('0 of 1 items added'); picking the slot item via 'Add to Deal' completes it ('Deal Complete!') and checkout offers the normal Proceed to Payment button.","3565","TC-195: the deal builder auto-adds the deal and completing its slot enables checkout @smoke","customer","2026-08-24","passed","2026-08-24","Customer — Deals","","",""
"Typing a date/time into the masked MM/DD/YYYY hh:mm aa field and clicking Schedule Demo flips status to Scheduled and sets scheduledDemoAt.","6099","TC-11: admin can schedule a demo","dashboard","2026-08-24","passed","2026-08-24","Admin — Demo Request Actions","","",""
"DELETE /menu/group/:id → 400 'Cannot delete a menu category that still has items' while any item is present; an empty category deletes with 200.","517","TC-273: a category with items cannot be deleted; an empty one can","dashboard","2026-08-24","passed","2026-08-24","Owner — Menu API contract","","",""
"Clean tenant → active-count {activeDealsCount:0, maxActiveDeals:10, slotsAvailable:10}. Ten ACTIVE deals plus one INACTIVE candidate are built; PATCH-ing the candidate to ACTIVE returns 400 {error:'MAX_ACTIVE_DEALS_REACHED', maxActiveDeals:10, currentActiveDeals:10} with the i18n message the dashboard shows as a warning snackbar. Freeing a slot lets it through.","2520","TC-335: active-count contract; PATCH → ACTIVE at 10/10 is refused with MAX_ACTIVE_DEALS_REACHED","dashboard","2026-08-24","passed","2026-08-24","Owner — Deals API contract > MAX_ACTIVE_DEALS","","",""
"Filling every field but leaving 'agree to terms' unchecked and clicking submit leaves the visitor on /demo with no success dialog (native validation blocks it).","17839","TC-74: submitting without agreeing to terms does not submit the form","dashboard","2026-08-24","failed","2026-08-24","Demo Request — Public Form","","",""
"","4563","TC-44: owner can delete a menu item","dashboard","2026-08-24","skipped","2026-08-24","Owner — Menu Management > Category and item CRUD","","",""
"","0","TC-182: sign-up → employee creates and sets up a restaurant → admin assigns it → the new owner sees it live","dashboard","2026-08-24","skipped","2026-08-24","Onboarding — Full chain","","",""
"Opening the Add Item wizard and blurring name/price with both left blank shows inline required-field errors and keeps the Next button disabled.","5488","TC-62: menu item wizard blocks Next when name and price are blank","dashboard","2026-08-24","passed","2026-08-24","Owner — Menu Management > Category and item CRUD","","",""
"","3","TC-58: employee can reach menu management","dashboard","2026-08-24","skipped","2026-08-24","Access — Restaurant management (shared screens)","","",""
"","1105","TC-329: PATCH /:dealId/status round-trips ACTIVE ↔ INACTIVE with its messages; anything else is 400","dashboard","2026-08-24","passed","2026-08-24","Owner — Deals API contract","","",""
"After partially filling the create form, Reset Form clears the code and description fields.","3172","TC-164: Reset Form clears the create-coupon form back to defaults","dashboard","2026-08-24","passed","2026-08-24","Owner — Coupons","","",""
"From the restaurant management portal, navigating to the menu editor reveals the 'New Category' button.","4329","TC-19: owner can navigate to the Menu tab and see the category section @smoke","dashboard","2026-08-24","passed","2026-08-24","Owner — Menu Management","","",""
"With status + type set the Filters button badge reads '2'; Reset returns to no badge; setting only a status shows '1'.","9091","TC-236: the Filters button shows an active-filter count and Reset clears it","dashboard","2026-08-24","passed","2026-08-24","Owner — Orders Tab","","",""
"GET /menu/restaurants/:id/menus needs no token (the storefront and the owner UI share it). The merged shape is {menus[{groups[{items}]}], chain}; each item exposes outOfStock + featured; a soft-deleted item (isActive=false) is NOT listed while GET /menu/itemId/:id still returns it.","582","TC-263: the owner menu read is public, hides soft-deleted items and carries the availability flags @smoke","dashboard","2026-08-24","passed","2026-08-24","Owner — Menu API contract","","",""
"POST /menu/menu-groups/:gid/reset-availability clears outOfStock for all items of the group; calling it on a group with nothing out of stock is a harmless 200.","593","TC-269: reset-availability restores every out-of-stock item in the group","dashboard","2026-08-24","passed","2026-08-24","Owner — Menu API contract","","",""
"Chain: PATCH …/featured on a shared master item flips `featured` on every location's read (no 5-cap for chain master items); on a location-only item only its own location reads featured:true.","812","TC-281: featuring a shared chain item is chain-wide; a location-only item stays local","dashboard","2026-08-24","passed","2026-08-24","Owner — Menu API contract","","",""
"PATCH …/tab/table {tableName} upserts the destination table by name (zero-config, same rule as open) and moves tableId + tableNumber; GET /tables shows the check under the destination and no longer under the source.","651","TC-376: transferring the check to another table re-stamps it and the grid follows","pos","2026-08-24","passed","2026-08-24","POS — Table Service Open Checks","","",""
"","3351","TC-352: search filters by name and description; no match → 'No deals found' + 'Create Your First Deal'; Refresh re-fetches","dashboard","2026-08-24","passed","2026-08-24","Owner — Deals","","",""
"Typing a substring of a coupon's description into the search box also matches that coupon.","5350","TC-154: Manage Coupons search filters by description","dashboard","2026-08-24","passed","2026-08-24","Owner — Coupons","","",""
"With serviceType DELIVERY and a fee above the cap, validate returns a deliveryDiscount limited to the coupon's $5 cap and echoes the cap — the values the POS renders as the waived-fee line.","30","TC-219: validate returns the capped waiver + cap for a DELIVERY order","pos","2026-08-24","passed","2026-08-24","POS — Free-delivery coupon (validate contract)","","",""
"Clicking Analytics in the portal sidebar loads the Restaurant Analytics dashboard: title, refresh control, and the date-range selector are all present.","13690","TC-35: owner can open the Analytics tab and see the dashboard header","dashboard","2026-08-24","failed","2026-08-24","Owner — Analytics Tab","","",""
"With a $0.25 item (server-quoted total lands between $0.01 and $0.49), checkout disables the proceed button — label 'Minimum $0.50 Required' — and shows the explainer banner. No order is created.","1624","TC-188: a quoted total under Stripe's $0.50 minimum blocks payment","customer","2026-08-24","passed","2026-08-24","Customer — Checkout Stripe minimum","","",""
"","418","TC-349: a second owner cannot edit our deal — PUT /:dealId (RestauNax #618)","dashboard","2026-08-24","passed","2026-08-24","Owner — Deals API contract > authorization — another owner (the seed OWNER) against this tenant's deals","","",""
"Three $10 legs on a $30 check. Replaying leg 2's idempotencyKey answers the ORIGINAL OrderPayment row (replayed:true, same leg id, remaining unchanged — no double drawer entry). The final leg flips closed:true; replaying ITS key after close still answers idempotently, while a genuinely NEW leg on the closed check is a 400.","786","TC-379: even 3-way split — replaying a leg's idempotencyKey returns the SAME leg, close is exact, and a post-close leg is refused","pos","2026-08-24","passed","2026-08-24","POS — Table Service Open Checks","","",""
"","6313","TC-116: admin can deactivate then reactivate a user","dashboard","2026-08-24","passed","2026-08-24","Admin — User Management > Settings tab","","",""
"PUT /api/order/statistics/cancel/:id on a live unpaid order → 200 {action:'CANCELLED'}; the same call again → 400 'already been cancelled'. Prevents double-cancel from a stale sheet.","663","TC-256: cancelling an already-cancelled order is rejected","dashboard","2026-08-24","passed","2026-08-24","Owner — Orders API contract","","",""
"PATCH …/orders/:id/modify with the grown item list on an UNPAID tab: the server recomputes the total (delta just moves Order.total), balanceDue/requiresAdditionalPayment stay 0 (that machinery is for already-PAID orders), and the tables grid's remaining tracks the new total.","651","TC-377: adding items mid-meal raises the total and remaining follows — no balance-due machinery on an unpaid tab","pos","2026-08-24","passed","2026-08-24","POS — Table Service Open Checks","","",""
"Cart is injected via sessionStorage; customer navigates to /checkout and sees the customer info form.","1146","TC-24: customer with pre-seeded cart can reach checkout and see the form","customer","2026-08-24","passed","2026-08-24","Customer — Checkout","","",""
"Subtotal / Tax / Tip / 'Customer paid' in the Order Total block equal the seed RESPONSE values (server-authoritative pricing: tax is recomputed by the backend, so we compare against what it recorded, not what we sent). The delivery seed additionally shows its Delivery Fee row.","5558","TC-240: the detail sheet's money rows equal what the backend recorded for the order","dashboard","2026-08-24","passed","2026-08-24","Owner — Orders Tab","","",""
"Customer clicks the seed menu item card, the item modal opens, and the Add to Cart button is visible.","3027","TC-23: customer can open the seed menu item modal and see Add to Cart button","customer","2026-08-24","passed","2026-08-24","Customer — Menu Browsing","","",""
"POST create-order {openCheck:true, tableName, guestCount} → 201. The backend forces orderType DINE_IN, status CONFIRMED (staff placing the order IS the acknowledgment — never PENDING), paymentStatus PENDING, and stamps tableId/tableNumber/guestCount/tabOpenedAt. The create response's orderNumber is the PERMANENT receipt number (legacy tablet wire name); dailyOrderNumber is the daily call number.","526","TC-373: opening a check births a DINE_IN CONFIRMED unpaid order with the table fields stamped","pos","2026-08-24","passed","2026-08-24","POS — Table Service Open Checks","","",""
"","4460","TC-101: admin can invite a new user","dashboard","2026-08-24","passed","2026-08-24","Admin — User Management > Invite dialog","","",""
"Customer fills First Name, Last Name, Email, Phone, selects Pickup, and clicks Proceed to Payment. Stripe payment section appears.","4950","TC-25: customer can fill checkout form and proceed to payment step","customer","2026-08-24","passed","2026-08-24","Customer — Checkout","","",""
"POST /menu/item/new: missing price → 4xx; missing groupId → 4xx; a valid body returns the created menuItem with an id.","272","TC-264: creating an item requires price and groupId (name is TC-65)","dashboard","2026-08-24","passed","2026-08-24","Owner — Menu API contract","","",""
"","4759","TC-104: inviting an existing email is rejected","dashboard","2026-08-24","passed","2026-08-24","Admin — User Management > Invite dialog","","",""
"","2599","TC-81: OWNER is denied the loyalty route (EMPLOYEE/ADMIN only)","dashboard","2026-08-24","passed","2026-08-24","Access — Role restrictions","","",""
"Detail 'Delete' → confirm → DELETE /menu/menuItemId/:id (soft: isActive=false) → the builder card gets the 'No longer available' badge, the merged-menu read (Menu tab / storefront) hides it, and opening the detail URL directly shows 'This item is no longer available. All actions are disabled.' Skips with a reason if this owner lacks the Delete button (DELETE_MENU_ITEM).","7751","TC-302: Delete on the detail page soft-deletes — card badged, hidden from the menu read, detail shows the inactive banner","dashboard","2026-08-24","passed","2026-08-24","Owner — Menu builder, item wizard & item detail","","",""
"Builder for burger ×2 + fries @ $21: header 'Save 21%' + 'You save $5.50' + 'Available: All days, All day' (validDays = every day), three slot cards, '0 of 3 items added'. Each 'Add to Deal' fills a slot → 'Deal Complete!'. Checkout: 3× 'Part of deal', '1x <deal>' row, 'You're saving $5.50', proceed button is the normal 'Proceed to Payment', and the POST /quote the page issues carries orderDeals and comes back with dealsSubtotal 21 / subtotal 21.","4831","TC-368: a multi-slot deal is built slot by slot; checkout shows 'Part of deal', the deal line, 'You're saving', and the /quote the page makes prices it at the deal price","customer","2026-08-24","passed","2026-08-24","Deals → Storefront hand-off","","",""
"","325","TC-345: chain routes are the positive control — a non-owner gets 403 on /api/chains/:gid/deals","dashboard","2026-08-24","passed","2026-08-24","Owner — Deals API contract > authorization — another owner (the seed OWNER) against this tenant's deals","","",""
"","4092","TC-360: the form validates on submit and shows the live math (original price, savings, preview chip, ≥90% warning); duplicate items are refused; submit is disabled below 2 items","dashboard","2026-08-24","passed","2026-08-24","Owner — Deals","","",""
"Using the pre-authenticated admin session from globalSetup, the admin should land on a page that is not /sign-in.","3094","TC-03: admin can reach the dashboard after login","dashboard","2026-08-24","passed","2026-08-24","Admin — Demo Management","","",""
"The Orders tab offers an Export action so owners can pull their orders out for reporting/accounting.","3604","TC-135: the Orders toolbar exposes an Export control","dashboard","2026-08-24","passed","2026-08-24","Owner — Orders Tab","","",""
"Star on a row → PATCH …/featured {featured:true} → item listed under 'Featured Items n/5' and the row's button flips to 'Remove from featured items'. Un-star reverses it. If fewer than 5 items are featured on the restaurant, our 3 seeded items are used to reach the cap and the next attempt shows the 'only have 5 featured items' error while the counter stays 5/5 (skipped when the restaurant already has 5 real featured items — we never un-feature real data).","7151","TC-291: featuring an item adds it to the Featured accordion with an n/5 counter; the 6th is refused","dashboard","2026-08-24","passed","2026-08-24","Owner — Menu tab (availability / featured)","","",""
"","413","TC-348: a second owner cannot deactivate our deal — PATCH /:dealId/status (RestauNax #618)","dashboard","2026-08-24","passed","2026-08-24","Owner — Deals API contract > authorization — another owner (the seed OWNER) against this tenant's deals","","",""
"/chain/:gid/restaurantManagement?tab=deals renders the seeded chain deal row (name, 2 items, $12.00 / $15.00, 20% off, 'Chain' scope chip), the caption 'across 2 chain locations' and the chain-only 'View Analytics' button, which opens Deal Analytics fed by /api/chains/:gid/deal-stats. Location A's shell shows the Deals sidebar entry disabled and ?tab=deals renders 'Managed at chain level'; its owner list (GET /api/deals/restaurant/A) does not contain the chain deal, while public /active at A and B does.","5493","TC-365: the chain shell lists chain deals with the Chain chip, rollup caption and View Analytics; a member's own Deals section is managed at chain level","dashboard","2026-08-24","passed","2026-08-24","Owner — Chain deals","","",""
"","5088","TC-114: the side sheet can be closed","dashboard","2026-08-24","passed","2026-08-24","Admin — User Management > Detail side sheet","","",""
"A Fixed Amount coupon submitted with a value of 0 shows 'Amount must be greater than 0' and does not create the coupon (complements TC-63, which covers the PERCENTAGE-range path).","4488","TC-148: a non-positive FIXED_AMOUNT value is rejected","dashboard","2026-08-24","passed","2026-08-24","Owner — Coupons","","",""
"For a DELIVERY order the sheet gains a Delivery Info tab with the street/unit, city/state/zip, the customer's delivery notes and (no courier dispatched) 'Delivered by the restaurant'. A PICKUP order has only Order Details + Customer Info.","6538","TC-243: the Delivery Info tab shows the delivery address and notes; pickup orders have no such tab","dashboard","2026-08-24","passed","2026-08-24","Owner — Orders Tab","","",""
"Filtering by 'Active' hides an expired coupon (seeded with a past end date) from the list.","4331","TC-156: Manage Coupons status filter narrows to Active","dashboard","2026-08-24","passed","2026-08-24","Owner — Coupons","","",""
"Clicking Filters actually opens the Filter Orders panel, not just a visible-but-inert button (TC-29 only asserted visibility, never exercised the click).","3212","TC-89: the Filters button opens the filter panel","dashboard","2026-08-24","passed","2026-08-24","Owner — Orders Tab","","",""
"GET /api/order/statistics/:orderId/receipt. History: this route 500'd for EVERY caller (invalid Restaurant.street select thrown before the #621 tenant check — found 2026-08-19 while implementing these pins, fixed in RestauNax #622). Now: intruder → 403, unknown order → 404, owner → 200 with the order payload.","322","TC-227b: the receipt route enforces ownership (was a 500 for everyone)","dashboard","2026-08-24","passed","2026-08-24","Owner — Orders API auth & tenant isolation","","",""
"updateDeal used to skip all of createDeal's validation, so dealPrice 0/negative and a malformed validTimeStart were accepted (and a 0 price flowed into the pricing engine as the charge). Since #618 the patch is validated against the merged row with the same messages/status codes as create.","755","TC-336: PUT /:dealId re-applies create's validation — price > 0, HH:MM (RestauNax #618)","dashboard","2026-08-24","passed","2026-08-24","Owner — Deals API contract","","",""
"Owner navigates to /restaurant/restaurantId/:id/uber and the Uber Direct Delivery Settings heading is visible — this route is owner-reachable (guard includes Role.OWNER), unlike publish/tax/loyalty which are employee/admin-only.","1863","TC-82: owner can reach the Uber Eats delivery settings page","dashboard","2026-08-24","passed","2026-08-24","Owner — Uber Eats Delivery Settings","","",""
"Typing a coupon's code into the search box narrows the table to matching rows.","4415","TC-153: Manage Coupons search filters by code","dashboard","2026-08-24","passed","2026-08-24","Owner — Coupons","","",""
"","0","TC-177: a gift card that fully covers the order completes without a Stripe step","customer","2026-08-24","skipped","2026-08-24","Customer — Checkout gift card","","",""
"A password under 8 characters shows an inline validation error on blur (client-side validation; submit is never attempted here).","3738","TC-96: a weak password is rejected client-side","dashboard","2026-08-24","passed","2026-08-24","Public — Sign up","","",""
"","2918","TC-05: admin can open the action menu on a demo row","dashboard","2026-08-24","passed","2026-08-24","Admin — Demo Request Actions","","",""
"availability / featured / price-override carry assertControlsRestaurant / assertControlsMenuOwner: a second owner's token gets 403 on our item. Proves the second-owner token and fixture are real, and keeps the guarded set guarded.","410","TC-287: the guarded routes DO reject another owner (positive control for the pins)","dashboard","2026-08-24","passed","2026-08-24","Owner — Menu API contract > authorization — a second owner against our menu","","",""
"Detail 'Reorder modifiers' opens the dnd-kit sheet; focusing 'Drag to reorder Small' and pressing Space, ArrowDown, Space moves it below Large; 'Save order' → PUT …/modifier-order → toast 'Modifier order saved' and GET /menu/itemId/:id returns Large before Small.","4723","TC-304: Reorder modifiers — keyboard drag in the sheet persists the new order","dashboard","2026-08-24","passed","2026-08-24","Owner — Menu builder, item wizard & item detail","","",""
"POST /menu/item/new with a made-up Bearer token is rejected with a 401 rather than a validation error.","23","TC-69: an authenticated endpoint rejects a garbage Bearer token","dashboard","2026-08-24","passed","2026-08-24","API — Negative cases","","",""
"","3689","TC-59: valid credentials reach the dashboard @smoke","dashboard","2026-08-24","passed","2026-08-24","Public — Sign in","","",""
"After applying a gift card, clicking Remove clears the 'Gift card applied' summary and returns to the code-entry state.","373","TC-172: removing an applied gift card clears the discount","customer","2026-08-24","failed","2026-08-24","Customer — Checkout gift card","","",""
"","237","TC-285: another owner must not create into, or delete, our category","dashboard","2026-08-24","passed","2026-08-24","Owner — Menu API contract > authorization — a second owner against our menu","","",""
"sortBy=total&sortDirection=asc returns non-decreasing totals; limit=2 caps the page and totalPages = ceil(totalCount / limit). Search-scoped to this file's seeds plus whatever else matches, so it stays true regardless of QA residue.","982","TC-261: the management list honours sort direction and page size","dashboard","2026-08-24","passed","2026-08-24","Owner — Orders API contract","","",""
"Clicking the Code column header toggles the sort direction without erroring.","4206","TC-157: Manage Coupons table sorts by Code","dashboard","2026-08-24","passed","2026-08-24","Owner — Coupons","","",""
"Typing a custom amount below the restaurant's configured minimum shows an inline error and does not advance to payment.","1792","TC-167: a custom amount below the minimum is rejected","customer","2026-08-24","passed","2026-08-24","Customer — Gift Cards","","",""
"The safe half of the run-now contract: a disabled program returns 400 and creates zero sends. (Run-now on an enabled program sends real mail and is intentionally not automated.)","170","TC-205: run-now on a disabled automation is rejected without sending","dashboard","2026-08-24","skipped","2026-08-24","Admin — Marketing automations","","",""
"The subtitle tells the owner they can connect Stripe to accept payments.","2362","TC-48: setup page shows the header description","dashboard","2026-08-24","passed","2026-08-24","Owner — Payment Settings (Stripe Setup) > Setup page","","",""
"Owner navigates to /restaurant/restaurantId/:id/subscription — this route is permission-gated (MODIFY_RESTAURANT), not role-gated, and the seed owner holds that permission.","2380","TC-84: owner can reach the Subscription Management page","dashboard","2026-08-24","passed","2026-08-24","Owner — Subscription & Billing","","",""
"Owner navigates to /setupStripe and the Payment Setup heading is visible.","2854","TC-46: setup page loads with Payment Setup heading","dashboard","2026-08-24","passed","2026-08-24","Owner — Payment Settings (Stripe Setup) > Setup page","","",""
"At A: star the shared item → PATCH …/featured → B's Menu tab lists it under Featured Items too; star the location-only item → only A's Featured accordion has it. Both un-starred afterwards.","5718","TC-316: featuring a shared item at one location is chain-wide; a local item stays local","dashboard","2026-08-24","passed","2026-08-24","Owner — Chain menu (per-location overrides, shared vs local)","","",""
"The toolbar's refresh icon re-issues the management GET (there is no auto-refresh on this tab).","3764","TC-239: the Refresh button re-fetches the orders list","dashboard","2026-08-24","passed","2026-08-24","Owner — Orders Tab","","",""
"The edit dialog offers Email and SMS channel switches; flipping SMS on reveals the SMS message editor. Dialog is cancelled — nothing persists.","3892","TC-213: SMS controls live in the edit dialog behind the channel toggle","dashboard","2026-08-24","passed","2026-08-24","Admin — Marketing automations","","",""
"","4417","TC-106: cancel resets the invite form","dashboard","2026-08-24","passed","2026-08-24","Admin — User Management > Invite dialog","","",""
"With a deal in the cart, attempting to apply any coupon code is blocked client-side with 'Cannot combine coupons with deals' — the check fires before validation, so no seeded coupon is needed.","2345","TC-197: a coupon cannot be combined with a deal in the cart","customer","2026-08-24","passed","2026-08-24","Customer — Deals","","",""
"","1","TC-143: employee can reach the publish page and see the Publish Restaurant button","dashboard","2026-08-24","skipped","2026-08-24","Employee — Publish menu","","",""
"","0","TC-259b: [expected once a state machine lands] backwards status moves are rejected with 409","dashboard","2026-08-24","skipped","2026-08-24","Owner — Orders API contract","","",""
"The search box is one field for name / email / phone (backend ORs over customer.* AND the on-order contact snapshot). Surname: the run-unique last name returns exactly the three named seed rows (the guest seed has no name). Email: the unique local part returns order A. (Phone is TC-262.)","4651","TC-232: searching by customer last name and email finds the seeded orders","dashboard","2026-08-24","passed","2026-08-24","Owner — Orders Tab","","",""
"","4124","TC-09: admin sees delete confirmation and can cancel","dashboard","2026-08-24","passed","2026-08-24","Admin — Demo Request Actions","","",""
