"DESCRIPTION","DURATION IN MS","NAME","PARENT SUITE","START TIME","STATUS","STOP TIME","SUB SUITE","SUITE","TEST CLASS","TEST METHOD"
"The Orders tab offers an Export action so owners can pull their orders out for reporting/accounting.","3233","TC-135: the Orders toolbar exposes an Export control","dashboard","2026-08-18","passed","2026-08-18","Owner — Orders Tab","","",""
"Typing a custom amount below the restaurant's configured minimum shows an inline error and does not advance to payment.","2373","TC-167: a custom amount below the minimum is rejected","customer","2026-08-18","passed","2026-08-18","Customer — Gift Cards","","",""
"At A, edit the shared item's name in the wizard and save → PUT …/changes; the new name shows on BOTH locations' Menu tabs (shared row = one MenuItem). If the build shows the 'Heads up — chain-wide change' fan-out confirm it is accepted (Continue) — the QA build at the time of writing did not.","14963","TC-313: editing a shared item at one location fans out to every location","dashboard","2026-08-18","passed","2026-08-18","Owner — Chain menu (per-location overrides, shared vs local)","","",""
"Seed dedup regression: after renewals + container-restart seeds, each recurring holiday exists exactly once (the original bug re-created current-year duplicates pointing at expired coupons).","165","TC-199: recurring holiday events are never duplicated across years","dashboard","2026-08-18","passed","2026-08-18","Admin — Marketing campaign events","","",""
"Clicking Customers in the portal sidebar loads the customer directory: the sub-tabs (All Customers / Customer Groups), the search field, and the Total Customers stat are all present.","2309","TC-136: owner can open the Customers tab and see the directory @smoke","dashboard","2026-08-18","passed","2026-08-18","Owner — Customers Tab","","",""
"","535","TC-285: another owner must not create into, or delete, our category","dashboard","2026-08-18","passed","2026-08-18","Owner — Menu API contract > authorization — a second owner against our menu","","",""
"Customer Info renders name, phone and email from the order's contact snapshot; a guest order with no contact falls back to 'Guest' and 'N/A'.","5262","TC-242: the Customer Info tab shows the order's contact snapshot, or Guest / N/A when absent","dashboard","2026-08-18","passed","2026-08-18","Owner — Orders Tab","","",""
"Delete opens a typed-word confirmation dialog; confirming removes the coupon from both the table and the API.","4006","TC-160: owner can delete a coupon via the typed-confirmation dialog","dashboard","2026-08-18","passed","2026-08-18","Owner — Coupons","","",""
"After applying a gift card, clicking Remove clears the 'Gift card applied' summary and returns to the code-entry state.","1954","TC-172: removing an applied gift card clears the discount","customer","2026-08-18","passed","2026-08-18","Customer — Checkout gift card","","",""
"While a search term is set the date range is ignored server-side; the toolbar says so with an info banner and a Clear Search action. Clearing re-queries WITHOUT ?search= and WITH the startDate/endDate pair again, hides the banner and empties the input.","3999","TC-233: search mode shows the 'all orders' banner and Clear Search restores the date-range list","dashboard","2026-08-18","passed","2026-08-18","Owner — Orders Tab","","",""
"From the restaurant management portal, navigating to the menu editor reveals the 'New Category' button.","3408","TC-19: owner can navigate to the Menu tab and see the category section @smoke","dashboard","2026-08-18","passed","2026-08-18","Owner — Menu Management","","",""
"The page shows a Delivery Configuration section describing the mode/provider/environment.","1852","TC-83: Uber Eats delivery settings page shows the delivery configuration section","dashboard","2026-08-18","passed","2026-08-18","Owner — Uber Eats Delivery Settings","","",""
"Full happy path: pre-seeded cart → fill form → Proceed to Payment → fill Stripe VISA test card → Complete Order → Order Confirmed page.","10699","TC-26: customer can complete a full order with Stripe test card and reach Order Confirmed","customer","2026-08-18","passed","2026-08-18","Customer — Order Placement","","",""
"?tab=marketing-automations shows the Automated Marketing section, the master switch, and one row per program from the settings API.","3371","TC-206: the deep link renders the section with every program row","dashboard","2026-08-18","passed","2026-08-18","Owner — Automated Marketing","","",""
"Opening an order's detail dialog renders the line-items section and the money summary (Order Details + Order Total), not just the header block TC-90 asserted. Uses the beforeAll-seeded order.","3179","TC-134: the order detail dialog shows line items and the order total","dashboard","2026-08-18","passed","2026-08-18","Owner — Orders Tab","","",""
"Owner navigates to /restaurant/restaurantId/:id/uber and the Uber Direct Delivery Settings heading is visible — this route is owner-reachable (guard includes Role.OWNER), unlike publish/tax/loyalty which are employee/admin-only.","1789","TC-82: owner can reach the Uber Eats delivery settings page","dashboard","2026-08-18","passed","2026-08-18","Owner — Uber Eats Delivery Settings","","",""
"Using the pre-authenticated admin session from globalSetup, the admin should land on a page that is not /sign-in.","1618","TC-03: admin can reach the dashboard after login","dashboard","2026-08-18","passed","2026-08-18","Admin — Demo Management","","",""
"POST /menu/restaurant/clone with targetRestaurantId = a chain member → 400 'part of a chain and uses the chain's shared menu' (restaurant-owned duplicates would collide with the shared menu).","378","TC-280: cloning a menu into a chain member is refused","dashboard","2026-08-18","passed","2026-08-18","Owner — Menu API contract","","",""
"POST /menu/item/new: missing price → 4xx; missing groupId → 4xx; a valid body returns the created menuItem with an id.","624","TC-264: creating an item requires price and groupId (name is TC-65)","dashboard","2026-08-18","passed","2026-08-18","Owner — Menu API contract","","",""
"By design (MenuManagementPage.handleManageMenu) there is no chain-scoped builder route: 'Manage shared menu (all locations)' lands on the builder of the location in focus (/restaurant/restaurantId/<member>), whose scope bar reads 'Editing menu for: <member> … this location only' with 'Switch to all 2 locations', shared categories carry the 'Shared · all 2 locations' chip, and 'New Category' offers the 'Who is this category for?' scope radio — the shared menu is managed from here via those scope choices.","2798","TC-319: 'Manage shared menu' from the chain shell opens a chain-aware LOCATION builder (no separate chain builder)","dashboard","2026-08-18","passed","2026-08-18","Owner — Chain menu (per-location overrides, shared vs local)","","",""
"Typing the customer's 10-digit phone number into search returns their order (backend matches customer.phone and the on-order phone snapshot with `contains`). Regression guard for the int4-overflow bug fixed in RestauNax #589 — see test body.","3400","TC-262: searching by a customer phone number finds the seeded order","dashboard","2026-08-18","passed","2026-08-18","Owner — Orders Tab","","",""
"A minOrderAmount coupon applies while two cart lines clear the minimum; removing one line triggers CouponSection's debounced revalidation, the backend 400s ('Order must be at least $X'), and the coupon is auto-removed with an explanatory error.","3741","TC-187: a coupon is auto-removed when the cart drops below its minimum order amount","customer","2026-08-18","passed","2026-08-18","Customer — Checkout coupon revalidation","","",""
"","3107","TC-44: owner can delete a menu item","dashboard","2026-08-18","skipped","2026-08-18","Owner — Menu Management > Category and item CRUD","","",""
"Selecting the 'Customer Groups' sub-tab renders the Customer Segments view with its segment cards (e.g. VIP) from GET /api/customers/restaurant/:id/segments.","2752","TC-138: owner can switch to the Customer Groups (segments) sub-tab","dashboard","2026-08-18","passed","2026-08-18","Owner — Customers Tab","","",""
"Changing the delivery order standard prep time and clicking Save changes PUTs the update and shows a success toast. The test restores the original value afterward so it doesn't leave the shared QA restaurant's data mutated.","3121","TC-88: owner can edit and save a Store Settings field","dashboard","2026-08-18","passed","2026-08-18","Owner — Restaurant Management Portal","","",""
"","2","TC-27: owner can reach the publish page and see the Publish Restaurant button","dashboard","2026-08-18","skipped","2026-08-18","Owner — Publish Restaurant","","",""
"Typing a date/time into the masked MM/DD/YYYY hh:mm aa field and clicking Schedule Demo flips status to Scheduled and sets scheduledDemoAt.","5502","TC-11: admin can schedule a demo","dashboard","2026-08-18","passed","2026-08-18","Admin — Demo Request Actions","","",""
"Pre-authenticated owner navigates to /restaurant/stores and verifies the page heading.","1925","TC-13: owner can reach /restaurant/stores and see the My Restaurants heading @smoke","dashboard","2026-08-18","passed","2026-08-18","Owner — My Restaurants List","","",""
"Quote-wiring coverage for delivery (not a full delivery order — that needs QA's delivery provider + a deliverable address): selecting Delivery and entering an address fires /api/delivery/quote and the UI resolves to either an available fee or a not-available message. Skips cleanly when the restaurant is pickup-only or Google Places yields no suggestion (external dependency).","11988","TC-126: selecting Delivery drives the address → quote round-trip","customer","2026-08-18","skipped","2026-08-18","Customer — Checkout coupon & delivery","","",""
"Two proofs. (1) API delta, timezone-proof: with a yesterday→tomorrow window, seeding two pickup orders raises Total Orders and Pickup count by ≥2 and Net Sales by ≥ 2 × item price (≥ because concurrent spec files also seed). (2) UI: the four cards render exactly the values the stats endpoint returned, 'Update Stats' re-fires it, and picking the 'Today' preset re-fires it with browser-local start=end=today.","5003","TC-250: the header stat cards reflect the stats API and move when orders are seeded","dashboard","2026-08-18","passed","2026-08-18","Owner — Orders Tab","","",""
"The admin Restaurants tab loads a table with at least the seed restaurant visible.","1777","TC-32: admin can navigate to the Restaurants tab and see the list @smoke","dashboard","2026-08-18","passed","2026-08-18","Admin — Restaurant Management","","",""
"","1","TC-17: employee can navigate to tax settings and see the tax rate form","dashboard","2026-08-18","skipped","2026-08-18","Employee — Tax Settings","","",""
"Submitting the create-coupon form with no code is blocked and no coupon is created. Note: like TC-147, the code TextField is a real required HTML input, so the browser's native constraint validation intercepts the submit before React's own validateForm()/'Coupon code is required' message ever gets a chance to run (confirmed live: no POST /api/coupons request is sent).","2871","TC-150: an empty coupon code is rejected","dashboard","2026-08-18","passed","2026-08-18","Owner — Coupons","","",""
"","1","TC-143: employee can reach the publish page and see the Publish Restaurant button","dashboard","2026-08-18","skipped","2026-08-18","Employee — Publish menu","","",""
"Clicking a row in the orders grid opens a detail dialog with order info, items, and totals — read-only assertions only; no status change/cancel/refund. An order is seeded via the API in beforeAll so a row is always present (no longer dependent on QA residue).","3733","TC-90: opening an order shows its detail view","dashboard","2026-08-18","passed","2026-08-18","Owner — Orders Tab","","",""
"For a DELIVERY order the sheet gains a Delivery Info tab with the street/unit, city/state/zip, the customer's delivery notes and (no courier dispatched) 'Delivered by the restaurant'. A PICKUP order has only Order Details + Customer Info.","5479","TC-243: the Delivery Info tab shows the delivery address and notes; pickup orders have no such tab","dashboard","2026-08-18","passed","2026-08-18","Owner — Orders Tab","","",""
"A customer order (seeded via the public order API at its real menu price, bumped to PENDING — no Stripe) appears in the restaurant's live current-orders feed, and can be driven PENDING → CONFIRMED → PREPARING → READY → PICKED_UP with each transition confirmed at the API source of truth.","1017","TC-100: a placed order is received on the POS and driven through the full lifecycle","pos","2026-08-18","passed","2026-08-18","POS — Order Lifecycle","","",""
"The toolbar's refresh icon re-issues the management GET (there is no auto-refresh on this tab).","2787","TC-239: the Refresh button re-fetches the orders list","dashboard","2026-08-18","passed","2026-08-18","Owner — Orders Tab","","",""
"","3101","TC-09: admin sees delete confirmation and can cancel","dashboard","2026-08-18","passed","2026-08-18","Admin — Demo Request Actions","","",""
"","0","TC-182: sign-up → employee creates and sets up a restaurant → admin assigns it → the new owner sees it live","dashboard","2026-08-18","skipped","2026-08-18","Onboarding — Full chain","","",""
"PUT /menu/menu-items/:id/modifier-order persists sortOrder = array position at every level; a group id that doesn't belong to the item matches zero rows (its own sortOrder is untouched).","3244","TC-267: modifier reorder is index-based and ignores foreign ids","dashboard","2026-08-18","passed","2026-08-18","Owner — Menu API contract","","",""
"Add-item wizard end to end: Basic Information → three modifier groups (Size = Sets Final Price, min1/max1, Small default + Large; Extras = Adds to Price with Allow Multiples; Remove = Free) → skip image → Review auto-saves. The item detail page lists the groups under 'Customization Options' with Min/Max and the API stores the pricing modes and prices as entered (Free options at $0).","9957","TC-296: the wizard saves an item with a Sets-Final-Price size group, a paid extra and a free group","dashboard","2026-08-18","passed","2026-08-18","Owner — Menu builder, item wizard & item detail","","",""
"The dashboard is forward-only but the API is not a state machine: DELIVERED → PENDING is a 200 today and resets completedAt to null. Pinned on purpose (decision 2026-08-15) so a future state-machine change is a conscious one — see the fixme twin below.","617","TC-259: [pinned] backwards status moves are currently accepted and clear completedAt","dashboard","2026-08-18","passed","2026-08-18","Owner — Orders API contract","","",""
"POST /api/admin/chains/:gid/restaurants/:rid/link {menu:'keep'} on a throwaway store that has its own menu: the owner's /api/chains/owned shows locationCount 3; the store's merged menu carries the chain's shared categories PLUS its own item (source RESTAURANT), which no other location sees; POST …/unlink (never went live → allowed) → 200 {dissolved:false}, chain back to 2 locations.","1016","TC-323: admin links an existing store (menu kept) — its own items interleave at that location only — and unlinks it","dashboard","2026-08-18","passed","2026-08-18","Admin — Chains","","",""
"Owner clicks 'Add [Category] Item', completes the 4-step wizard, and verifies the item appears on the menu page.","7605","TC-21: owner can add a menu item to a category","dashboard","2026-08-18","passed","2026-08-18","Owner — Menu Management > Category and item CRUD","","",""
"PATCH /menu/menu-items/:id/featured {featured:true} succeeds up to 5 featured items per standalone restaurant and rejects the 6th with 'You can only have 5 featured items'; un-featuring one frees the slot. Runs on a throwaway second-owner restaurant so the seed restaurant's real featured list is never touched.","3131","TC-270: a standalone restaurant can feature at most 5 items","dashboard","2026-08-18","passed","2026-08-18","Owner — Menu API contract","","",""
"The owner turns ON pass-processing-fee for the restaurant (server-side). The template-wind checkout order summary then shows a server-authoritative 'Processing Fee' line and the quoted Total rises above the fee-OFF baseline. Proves the flag → /quote → customer display round-trip end-to-end. The fee is always restored to OFF in a finally (shared QA restaurant).","2246","TC-222: enabling the processing fee adds a Processing Fee line and raises the wind checkout total","customer","2026-08-18","passed","2026-08-18","Customer — Processing fee pass-through","","",""
"","3308","TC-107: search finds a user by email","dashboard","2026-08-18","passed","2026-08-18","Admin — User Management > List, search & filter","","",""
"86 an item through the API while the tab is open (nothing changes on screen), click Refresh → GET /menu/restaurants/:id/menus fires and the row now reads 'Out of Stock'; restore + Refresh → 'Available'.","4263","TC-292: Refresh re-fetches the menu and reflects a change made outside the page","dashboard","2026-08-18","passed","2026-08-18","Owner — Menu tab (availability / featured)","","",""
"","2225","TC-103: submit is disabled until a role is selected","dashboard","2026-08-18","passed","2026-08-18","Admin — User Management > Invite dialog","","",""
"The Events sub-tab opens on the Upcoming filter; switching to Past never shows Upcoming-status rows (expired events no longer pollute the default view).","2648","TC-198: events list defaults to Upcoming and Past shows only finished events","dashboard","2026-08-18","passed","2026-08-18","Admin — Marketing campaign events","","",""
"Owner (location A Menu tab) → eye icon → 'Remove from menu'. Storefront ?restaurantId=A no longer lists the shared item; ?restaurantId=B still does. Restored afterwards.","3877","TC-322: an item the owner removes from one location's menu is absent from that storefront only","customer","2026-08-18","passed","2026-08-18","Menu → Storefront hand-off","","",""
"Clicking Owner Settings in the sidebar loads the settings view: the title, both sub-tabs (Automated Reports / Notifications), and — once the settings fetch resolves — the Automated Business Reports section, its Schedule, and the Save Settings button. Read-only: no toggle is flipped and nothing is saved, so the shared QA owner account's real report config is untouched.","2372","TC-139: owner can open Owner Settings and see the Automated Reports form","dashboard","2026-08-18","passed","2026-08-18","Owner — Owner Settings Tab","","",""
"POST /api/demo-requests with the email field omitted entirely is rejected with a 4xx status, bypassing the frontend's HTML5 required-field check.","30","TC-80: submitting a demo request with no email is rejected","dashboard","2026-08-18","passed","2026-08-18","API — Negative cases","","",""
"","4625","TC-116: admin can deactivate then reactivate a user","dashboard","2026-08-18","passed","2026-08-18","Admin — User Management > Settings tab","","",""
"The margin guardrail applies at the POS too: an order below the coupon's minimum is rejected before any waiver is computed.","32","TC-221: validate rejects an order below the minimum","pos","2026-08-18","passed","2026-08-18","POS — Free-delivery coupon (validate contract)","","",""
"POST /api/order/statistics/refund/:id requires paymentStatus COMPLETED. A seeded (unpaid) order → 400 'Only completed payments can be refunded' — no Stripe call is attempted.","218","TC-257: refunding an unpaid order is rejected","dashboard","2026-08-18","passed","2026-08-18","Owner — Orders API contract","","",""
"","1992","TC-59: valid credentials reach the dashboard @smoke","dashboard","2026-08-18","passed","2026-08-18","Public — Sign in","","",""
"","3791","TC-111: clicking a row opens the detail side sheet","dashboard","2026-08-18","passed","2026-08-18","Admin — User Management > Detail side sheet","","",""
"Searching orders for a query that matches nothing shows the 'No orders found' empty state instead of an error or a stale table.","3599","TC-70: searching for a nonexistent order shows the empty state","dashboard","2026-08-18","passed","2026-08-18","Owner — Orders Tab","","",""
"","2245","TC-61: unknown email shows an error","dashboard","2026-08-18","passed","2026-08-18","Public — Sign in","","",""
"Chain: PATCH …/carried {restaurantId:A, isCarried:false} → owner read for A still lists the item with isCarried:false (so it can be restored), the CUSTOMER read for A omits it, and B still sells it; isCarried:true restores.","1318","TC-277: un-carrying a shared item hides it from that location's storefront only","dashboard","2026-08-18","passed","2026-08-18","Owner — Menu API contract","","",""
"Storefront shows the seeded item card with its price. Owner (Menu tab) switches it OFF → 'Mark sold out'. Reloading the storefront: the card is gone (template-wind filters outOfStock items out of the menu grid). Owner switches it back ON → card is back.","38782","TC-320: an item the owner marks sold out disappears from the storefront menu and comes back when restored","customer","2026-08-18","passed","2026-08-18","Menu → Storefront hand-off","","",""
"Win-Back, Welcome, and VIP rows render with the explainer banner, the global caps fields, and the pace helper text (nobody-is-skipped copy).","2803","TC-201: automations tab lists the three seeded programs with intro and caps","dashboard","2026-08-18","passed","2026-08-18","Admin — Marketing automations","","",""
"PUT /menu/menu-items/:id/changes takes {name?, price?, modifierGroups:{deleted[], added[], modified[]}} and applies it transactionally; body.menuItemId must equal the path id (400 otherwise).","735","TC-266: the deep-editor diff payload adds, modifies and deletes modifier groups in one call","dashboard","2026-08-18","passed","2026-08-18","Owner — Menu API contract","","",""
"Chain: PATCH …/featured on a shared master item flips `featured` on every location's read (no 5-cap for chain master items); on a location-only item only its own location reads featured:true.","1858","TC-281: featuring a shared chain item is chain-wide; a location-only item stays local","dashboard","2026-08-18","passed","2026-08-18","Owner — Menu API contract","","",""
"","0","TC-97: employee creates a restaurant on behalf of a client","dashboard","2026-08-18","skipped","2026-08-18","Employee — Create restaurant","","",""
"End user navigates to /demo, fills personal and business info, submits the form, and sees the success dialog.","20934","TC-01: submit demo request form and display success confirmation","dashboard","2026-08-18","failed","2026-08-18","Demo Request — Public Form","","",""
"","1","TC-165: guest purchases a gift card as a Send-as-Gift preset denomination","customer","2026-08-18","skipped","2026-08-18","Customer — Gift Cards","","",""
"GET /menu/restaurants/:id/menus needs no token (the storefront and the owner UI share it). The merged shape is {menus[{groups[{items}]}], chain}; each item exposes outOfStock + featured; a soft-deleted item (isActive=false) is NOT listed while GET /menu/itemId/:id still returns it.","1486","TC-263: the owner menu read is public, hides soft-deleted items and carries the availability flags @smoke","dashboard","2026-08-18","passed","2026-08-18","Owner — Menu API contract","","",""
"","4515","TC-117: admin can send a password reset email","dashboard","2026-08-18","passed","2026-08-18","Admin — User Management > Settings tab","","",""
"","2021","TC-54: OWNER is denied the publish route (EMPLOYEE/ADMIN only)","dashboard","2026-08-18","passed","2026-08-18","Access — Role restrictions","","",""
"Selecting Fixed Amount as the discount type and a positive dollar value creates the coupon.","4022","TC-145: owner can create a FIXED_AMOUNT coupon","dashboard","2026-08-18","passed","2026-08-18","Owner — Coupons","","",""
"A minSelections=1 group with no default: the group shows its Required pill and Add to Cart stays disabled; picking an option enables it.","1785","TC-189: a required modifier group blocks Add to Cart until a selection is made","customer","2026-08-18","passed","2026-08-18","Customer — Item Modifiers","","",""
"Create an org coupon + recurring event via API, renew twice. Both calls must succeed — the second reuses/repairs the existing next-year coupon instead of failing with 'coupon already exists' (the original bug).","772","TC-200: renewing an event coupon is idempotent (second renew succeeds as reuse)","dashboard","2026-08-18","passed","2026-08-18","Admin — Marketing campaign events","","",""
"Delivery orders have a longer path: PENDING → Confirmed → Preparing → Ready → Out for Delivery → Delivered. Each step is confirmed by the status PUT; at Delivered the button is gone.","4879","TC-245: owner drives a delivery order through its whole lifecycle from the detail sheet","dashboard","2026-08-18","passed","2026-08-18","Owner — Orders Tab","","",""
"","3576","TC-101: admin can invite a new user","dashboard","2026-08-18","passed","2026-08-18","Admin — User Management > Invite dialog","","",""
"","1189","TC-284: another owner must not be able to delete our item","dashboard","2026-08-18","passed","2026-08-18","Owner — Menu API contract > authorization — a second owner against our menu","","",""
"The stepper shows all four steps: Check Status, Create Account, Verify Details, Start Accepting.","1839","TC-47: setup page shows the 4-step Stripe onboarding stepper","dashboard","2026-08-18","passed","2026-08-18","Owner — Payment Settings (Stripe Setup) > Setup page","","",""
"","0","TC-180: a user can view/set their POS PIN","dashboard","2026-08-18","skipped","2026-08-18","Staff — Portal","","",""
"At A: star the shared item → PATCH …/featured → B's Menu tab lists it under Featured Items too; star the location-only item → only A's Featured accordion has it. Both un-starred afterwards.","5624","TC-316: featuring a shared item at one location is chain-wide; a local item stays local","dashboard","2026-08-18","passed","2026-08-18","Owner — Chain menu (per-location overrides, shared vs local)","","",""
"Filling the coupon code, discount value, start and end dates and clicking Create Coupon shows a success toast.","3544","TC-31: owner can fill and submit a new coupon","dashboard","2026-08-18","passed","2026-08-18","Owner — Coupons","","",""
"Regression for the template lock: PATCHing templateId is silently ignored by the field allowlist, so a program can never be pointed at mismatched email content.","162","TC-204: templateId cannot be reassigned through the API (view-only lock)","dashboard","2026-08-18","passed","2026-08-18","Admin — Marketing automations","","",""
"At A: $ icon ('Using shared price…') → dialog 'Pricing for ""<item>"" at this location' → Base price 14 → row chip 'Overridden' → Save → PATCH …/location-pricing {basePriceOverride:14} → toast, icon now 'Location price: $14', chip '1 location has a different price'; B's tab and API still show 12; reopen → 'Reset to shared price' → Save → back to shared.","8813","TC-310: per-location price via the $ dialog changes A only and can be reset to shared","dashboard","2026-08-18","passed","2026-08-18","Owner — Chain menu (per-location overrides, shared vs local)","","",""
"Star on a row → PATCH …/featured {featured:true} → item listed under 'Featured Items n/5' and the row's button flips to 'Remove from featured items'. Un-star reverses it. If fewer than 5 items are featured on the restaurant, our 3 seeded items are used to reach the cap and the next attempt shows the 'only have 5 featured items' error while the counter stays 5/5 (skipped when the restaurant already has 5 real featured items — we never un-feature real data).","5281","TC-291: featuring an item adds it to the Featured accordion with an n/5 counter; the 6th is refused","dashboard","2026-08-18","passed","2026-08-18","Owner — Menu tab (availability / featured)","","",""
"Customer fills First Name, Last Name, Email, Phone, selects Pickup, and clicks Proceed to Payment. Stripe payment section appears.","4126","TC-25: customer can fill checkout form and proceed to payment step","customer","2026-08-18","passed","2026-08-18","Customer — Checkout","","",""
"The grid paginates server-side. Choosing 25 rows/page re-queries with limit=25&page=1; on a list with more than 10 rows, 'next page' at size 10 sends page=2 and switching size afterwards snaps back to page=1. On a fresh QA with ≤10 orders in range the page-2 step is annotated and skipped.","6080","TC-238: page size and page navigation are sent to the server and size changes reset to page 1","dashboard","2026-08-18","passed","2026-08-18","Owner — Orders Tab","","",""
"Flipping a program's Enabled switch persists to the backend; the test restores the original state so no automation is left accidentally enabled/disabled on QA.","3039","TC-203: the enabled switch toggles a program and persists","dashboard","2026-08-18","passed","2026-08-18","Admin — Marketing automations","","",""
"GET /api/order/statistics/management/:id hides INITIALIZED placeholders by default (a search that can only match the un-bumped seed returns nothing). Passing status=INITIALIZED explicitly DOES return it — pinned as current behaviour pending a product decision on whether owners should ever see placeholders.","455","TC-258: INITIALIZED (pre-payment) orders are excluded from the owner list unless asked for explicitly","dashboard","2026-08-18","passed","2026-08-18","Owner — Orders API contract","","",""
"","6479","TC-123: invited user claims access, and sees their access level","dashboard","2026-08-18","passed","2026-08-18","Admin — User Management > Invite → claim → login journey","","",""
"MENU_MODIFIER_SYSTEM.md rules enforced on save: an INCLUDED group stores every option at $0 even when the client sends prices; a nested (child) group is forced to INCLUDED/$0 regardless of the requested pricing mode; a grandchild group is dropped; sortOrder = submitted array index.","350","TC-265: modifier normalisation — INCLUDED prices → 0, child groups forced free, one level of nesting","dashboard","2026-08-18","passed","2026-08-18","Owner — Menu API contract","","",""
"POST /menu/item/new with a made-up Bearer token is rejected with a 401 rather than a validation error.","19","TC-69: an authenticated endpoint rejects a garbage Bearer token","dashboard","2026-08-18","passed","2026-08-18","API — Negative cases","","",""
"Typing in the customer search fires GET /api/customers/restaurant/:id with the search term — proving the directory filters against the backend rather than only client-side.","2766","TC-137: searching the customer directory re-queries the server","dashboard","2026-08-18","passed","2026-08-18","Owner — Customers Tab","","",""
"","3729","TC-112: USER detail shows the role-appropriate tabs","dashboard","2026-08-18","passed","2026-08-18","Admin — User Management > Detail side sheet","","",""
"A gift card frozen by an admin is rejected at checkout with a 'frozen' error.","1823","TC-175: a frozen gift card is rejected","customer","2026-08-18","passed","2026-08-18","Customer — Checkout gift card","","",""
"Switch OFF → ConsequenceDialog 'Mark ""X"" as sold out?' → 'Mark sold out' → PATCH /menu/menu-items/:id/availability {outOfStock:true} → row chip 'Out of Stock', category chips '5 Available' / '1 Out of Stock', toast. Switch ON → no dialog, {outOfStock:false}, chips back to 6/0. Cancel in the dialog leaves the item available.","4498","TC-289: turning an item off asks for confirmation, PATCHes availability and updates the chips; turning it on does not","dashboard","2026-08-18","passed","2026-08-18","Owner — Menu tab (availability / featured)","","",""
"At A's builder, 'New Category' shows the radio 'Who is this category for?' — 'Just this store' (default) → chip 'Only at this location' and the category is absent from B; a second one with 'All my stores (shared across 2)' → fan-out confirm 'Heads up — chain-wide change … all 2 locations' → Continue → chip 'Shared · all 2 locations' and present at B / chain shell.","4672","TC-315: New Category at a location offers 'Just this store' vs 'All my stores' scope","dashboard","2026-08-18","passed","2026-08-18","Owner — Chain menu (per-location overrides, shared vs local)","","",""
"The subtitle tells the owner they can connect Stripe to accept payments.","1837","TC-48: setup page shows the header description","dashboard","2026-08-18","passed","2026-08-18","Owner — Payment Settings (Stripe Setup) > Setup page","","",""
"Chain: PATCH …/price-override {restaurantId:A, priceOverride:14} → A's merged menu shows effectivePrice/price=14 with masterPrice=12; B still 12; priceOverride:null clears A back to 12.","968","TC-275: a per-location price override changes only that location's effective price","dashboard","2026-08-18","passed","2026-08-18","Owner — Menu API contract","","",""
"The create form has no client-side uniqueness check, so a second coupon with the same code reaches the API and is rejected there (backend enforces per-restaurant code uniqueness).","5830","TC-151: a duplicate coupon code on the same restaurant is rejected","dashboard","2026-08-18","passed","2026-08-18","Owner — Coupons","","",""
"Clicking Orders in the portal sidebar loads the orders tab with a search bar and table column headers.","3070","TC-29: owner can navigate to the Orders tab and see the orders search bar @smoke","dashboard","2026-08-18","passed","2026-08-18","Owner — Orders Tab","","",""
"","4","TC-58: employee can reach menu management","dashboard","2026-08-18","skipped","2026-08-18","Access — Restaurant management (shared screens)","","",""
"The order-detail sheet's status control is a single forward-only 'Mark as {next status}' button (OrderDetailsDialog.tsx's getNextStatus()), not a dropdown — clicking it PUTs /api/order/orderId/:id/status and the button advances to the next status in the sequence.","3683","TC-224: owner advances an order's status via Mark as X","dashboard","2026-08-18","passed","2026-08-18","Owner — Orders Tab","","",""
"Opening /deals/<id> auto-adds the deal to the cart and shows per-slot progress ('0 of 1 items added'); picking the slot item via 'Add to Deal' completes it ('Deal Complete!') and checkout offers the normal Proceed to Payment button.","3044","TC-195: the deal builder auto-adds the deal and completing its slot enables checkout","customer","2026-08-18","passed","2026-08-18","Customer — Deals","","",""
"","1","TC-177: a gift card that fully covers the order completes without a Stripe step","customer","2026-08-18","skipped","2026-08-18","Customer — Checkout gift card","","",""
"","4060","TC-110: status filter narrows the list","dashboard","2026-08-18","passed","2026-08-18","Admin — User Management > List, search & filter","","",""
"","3440","TC-104: inviting an existing email is rejected","dashboard","2026-08-18","passed","2026-08-18","Admin — User Management > Invite dialog","","",""
"Choosing a custom range far in the past (before the restaurant existed) makes the stats endpoint return 0 orders; the header swaps the cards for 'No orders in this date range' and its CTA re-opens the date picker.","4501","TC-251: a date range with no orders shows the empty state with a 'Change date range' CTA","dashboard","2026-08-18","passed","2026-08-18","Owner — Orders Tab","","",""
"After the /api/analytics/dashboard fetch completes, the page shows either the summary cards (when the range has orders) or the 'no data for this range' empty state — never a load error. This asserts the fetch path works regardless of the current QA data volume.","3569","TC-127: the analytics dashboard resolves to data or an empty state without erroring","dashboard","2026-08-18","passed","2026-08-18","Owner — Analytics Tab","","",""
"Filling every field but leaving 'agree to terms' unchecked and clicking submit leaves the visitor on /demo with no success dialog (native validation blocks it).","18064","TC-74: submitting without agreeing to terms does not submit the form","dashboard","2026-08-18","failed","2026-08-18","Demo Request — Public Form","","",""
"The admin Chains tab loads a DataGrid with its default-visible columns — read-only, no seed data assumed since chains aren't part of the shared QA seed.","2876","TC-181: admin can navigate to Chain Management and see the chains grid","dashboard","2026-08-18","passed","2026-08-18","Admin — Chains","","",""
"Selecting the Notifications sub-tab shows the 'launching soon' placeholder — documenting that this surface is not yet functional, so no test should assert real notification settings there.","2114","TC-140: the Notifications sub-tab shows the coming-soon placeholder","dashboard","2026-08-18","passed","2026-08-18","Owner — Owner Settings Tab","","",""
"Owner clicks New Category, types a name, saves it, and verifies the new category tab appears.","5607","TC-20: owner can create a new menu category","dashboard","2026-08-18","passed","2026-08-18","Owner — Menu Management > Category and item CRUD","","",""
"Choosing a status in the Filters panel and applying it fires the management fetch with the filter and closes the panel — exercising the filter end-to-end, beyond TC-89 which only opened it.","4672","TC-132: filtering by Order Status re-queries the orders grid","dashboard","2026-08-18","passed","2026-08-18","Owner — Orders Tab","","",""
"Tip is client-selected but the charged total is the server quote (amountToCharge): raising the tip preset raises the quoted Total, zeroing it via the custom input lowers it. Proves the tip → /quote round-trip, with no assumptions about tax math.","2017","TC-186: tip presets and custom tip flow into the server-quoted total","customer","2026-08-18","passed","2026-08-18","Customer — Checkout","","",""
"Opening the Add Item wizard and blurring name/price with both left blank shows inline required-field errors and keeps the Next button disabled.","4287","TC-62: menu item wizard blocks Next when name and price are blank","dashboard","2026-08-18","passed","2026-08-18","Owner — Menu Management > Category and item CRUD","","",""
"Owner navigates to /setupStripe and the Payment Setup heading is visible.","1808","TC-46: setup page loads with Payment Setup heading","dashboard","2026-08-18","passed","2026-08-18","Owner — Payment Settings (Stripe Setup) > Setup page","","",""
"Unauthenticated customer navigates to /menu?restaurantId=<id> and the page loads.","765","TC-22: customer can reach the menu page for the seed restaurant @smoke","customer","2026-08-18","passed","2026-08-18","Customer — Menu Browsing","","",""
"The Order Items table shows the seeded menu item with quantity 1 at its recorded price, the heading counts the items, and the customer's special instructions are shown under Order Information.","3507","TC-241: the detail sheet lists the ordered item, quantity, price and special instructions","dashboard","2026-08-18","passed","2026-08-18","Owner — Orders Tab","","",""
"Clicking the copy-code icon on a row copies the code to the clipboard and shows a confirmation toast.","4246","TC-158: owner can copy a coupon code from the Manage Coupons list","dashboard","2026-08-18","passed","2026-08-18","Owner — Coupons","","",""
"Builder card star → PATCH …/featured {featured:true} → 'Featured' badge on the card and the item listed under the Menu tab's 'Featured Items' accordion; star again → badge gone.","9469","TC-305: the card star toggles featured and the Menu tab's Featured accordion reflects it","dashboard","2026-08-18","passed","2026-08-18","Owner — Menu builder, item wizard & item detail","","",""
"Add-item wizard, Basic Information: 1-char name → 'at least 2 characters'; price 0 → 'at least $0.01' (the QA build says 'Price must be positive' — both accepted); price 10000 → 'cannot exceed $9,999.99'; 501-char description → 'cannot exceed 500 characters'; Next stays disabled while any error is present and enables once all fields are valid.","2532","TC-295: wizard step 0 enforces name length, price bounds and description length","dashboard","2026-08-18","passed","2026-08-18","Owner — Menu builder, item wizard & item detail","","",""
"The row action menu's Send to Customers item is disabled once a coupon's computed status is Expired (only enabled while ACTIVE).","2933","TC-163: Send to Customers is disabled for an expired coupon","dashboard","2026-08-18","passed","2026-08-18","Owner — Coupons","","",""
"Applying a code that doesn't exist shows an error and no discount is applied.","1680","TC-173: an invalid gift card code is rejected","customer","2026-08-18","passed","2026-08-18","Customer — Checkout gift card","","",""
"With status + type set the Filters button badge reads '2'; Reset returns to no badge; setting only a status shows '1'.","8448","TC-236: the Filters button shows an active-filter count and Reset clears it","dashboard","2026-08-18","passed","2026-08-18","Owner — Orders Tab","","",""
"POST /restaurant/new with the seed OWNER's token is rejected — restaurant creation requires a permission this account doesn't hold, confirming the API enforces it (not just the UI).","249","TC-79: a restaurant owner without CREATE_RESTAURANT permission cannot self-serve create one","dashboard","2026-08-18","passed","2026-08-18","API — Negative cases","","",""
"After partially filling the create form, Reset Form clears the code and description fields.","2275","TC-164: Reset Form clears the create-coupon form back to defaults","dashboard","2026-08-18","passed","2026-08-18","Owner — Coupons","","",""
"","28","TC-77: toggling status of a nonexistent user id is rejected","dashboard","2026-08-18","passed","2026-08-18","Admin — User Management > Settings tab — negative","","",""
"serviceType PICKUP → the backend rejects a FREE_DELIVERY code with the delivery-only message; the POS surfaces it instead of applying a $0 coupon.","47","TC-220: validate rejects the code on a PICKUP order","pos","2026-08-18","passed","2026-08-18","POS — Free-delivery coupon (validate contract)","","",""
"Owner sets Base price 14 for the shared item at location A via the $ dialog. Storefront ?restaurantId=A shows $14.00 on the card while ?restaurantId=B still shows $12.00; the public POST /api/order/:id/quote (what checkout charges) returns subtotal 14 at A and 12 at B — the 'shown $14, charged $12' defect class. (Fixture locations aren't published, so the storefront modal/cart is inert there; the charge is asserted on the quote endpoint checkout itself calls.) Override cleared afterwards.","4053","TC-321: a per-location price override is what the customer sees AND what the server quotes — at that location only","customer","2026-08-18","passed","2026-08-18","Menu → Storefront hand-off","","",""
"Permissions are discovered at runtime: the test grants whatever the Add dialog currently offers, never a hardcoded permission name.","5081","TC-118: admin can add then remove a user-specific permission","dashboard","2026-08-18","passed","2026-08-18","Admin — User Management > Permissions tab","","",""
"Owner navigates to /restaurant/restaurantId/:id/subscription — this route is permission-gated (MODIFY_RESTAURANT), not role-gated, and the seed owner holds that permission.","1893","TC-84: owner can reach the Subscription Management page","dashboard","2026-08-18","passed","2026-08-18","Owner — Subscription & Billing","","",""
"The one true end-to-end cart path: open the item modal, click Add to Cart, open the cart via the floating View Cart button, and click through to /checkout. Every other checkout test seeds the cart via sessionStorage for speed — this test is the safety net that the real add-to-cart wiring (and the cart storage schema seedCart mimics) actually works.","5259","TC-99: customer can add an item to the cart and reach checkout through the real UI flow","customer","2026-08-18","passed","2026-08-18","Customer — Menu Browsing","","",""
"","1","TC-259b: [expected once a state machine lands] backwards status moves are rejected with 409","dashboard","2026-08-18","skipped","2026-08-18","Owner — Orders API contract","","",""
"Submitting the sign-up form with an email that already has an account shows an error banner and keeps the visitor on /sign-up.","4890","TC-94: registering with an already-used email is rejected","dashboard","2026-08-18","passed","2026-08-18","Public — Sign up","","",""
"Builder 'Clone Menu' → dialog 'Clone Menu Items' with 'Step 1: Select Source Restaurant'. Closed without cloning — the actual clone rules are API-covered (TC-280 refuses chain targets).","2838","TC-306: the Clone Menu dialog opens with its source-restaurant step (smoke, no clone)","dashboard","2026-08-18","passed","2026-08-18","Owner — Menu builder, item wizard & item detail","","",""
"A store that has real orders can't leave a chain (Domino's rule): link a throwaway store, seed a real-price order on it, POST …/unlink → 400 'This location has gone live…'. Unlinking a restaurant that isn't a member → 404. Cancelling the order (CANCELLED is excluded from the live check) makes unlink succeed; the store is then archived (admin DELETE only archives — it never detaches membership) and the fixture chain is asserted back at 2 locations.","1867","TC-324: unlink is refused for a location that has gone live, and for a non-member","dashboard","2026-08-18","passed","2026-08-18","Admin — Chains","","",""
"","149","TC-124: a bogus invite token grants no elevated access","dashboard","2026-08-18","passed","2026-08-18","Admin — User Management > Invite claim — defensive","","",""
"","2950","TC-102: invalid email shows an error and sends no request","dashboard","2026-08-18","passed","2026-08-18","Admin — User Management > Invite dialog","","",""
"","1","TC-28: owner can see publish checklist items on the publish page","dashboard","2026-08-18","skipped","2026-08-18","Owner — Publish Restaurant","","",""
"Navigating directly to a restaurant's management URL with no session redirects to /sign-in instead of leaking restaurant data.","2561","TC-73: an unauthenticated visitor hitting a specific restaurant management page is redirected to sign-in","dashboard","2026-08-18","passed","2026-08-18","Access — Unauthenticated","","",""
"With a deal in the cart, attempting to apply any coupon code is blocked client-side with 'Cannot combine coupons with deals' — the check fires before validation, so no seeded coupon is needed.","2636","TC-197: a coupon cannot be combined with a deal in the cart","customer","2026-08-18","passed","2026-08-18","Customer — Deals","","",""
"The minimum-order and fee-cap fields are enabled and required for a Free Delivery coupon: submitting without them is blocked with field errors, and once filled the coupon persists with both values (the margin guardrail — the fee waiver is self-funded).","3629","TC-216: a Free Delivery coupon requires a minimum order and a fee cap","dashboard","2026-08-18","passed","2026-08-18","Owner — Coupons","","",""
"POST /menu/menu-groups/:gid/reset-availability clears outOfStock for all items of the group; calling it on a group with nothing out of stock is a harmless 200.","2319","TC-269: reset-availability restores every out-of-stock item in the group","dashboard","2026-08-18","passed","2026-08-18","Owner — Menu API contract","","",""
"","0","TC-18: employee can set a tax rate and save — change persists","dashboard","2026-08-18","skipped","2026-08-18","Employee — Tax Settings","","",""
"POST /api/coupons/restaurant/:id without the required `code` field is rejected with a 4xx status.","224","TC-66: creating a coupon with no code is rejected","dashboard","2026-08-18","passed","2026-08-18","API — Negative cases","","",""
"Setting an End Date earlier than the Start Date shows 'End date must be after start date' and does not create the coupon.","3470","TC-149: an end date before the start date is rejected","dashboard","2026-08-18","passed","2026-08-18","Owner — Coupons","","",""
"The 'Add Category' dialog lists preset chips (Appetizers, Desserts, …); typing a name that already exists on this menu shows '<name> already exists in category' and the dialog stays open. Uses the run's own category name as the duplicate so no real category is touched.","3228","TC-294: New Category offers presets and refuses a duplicate name","dashboard","2026-08-18","passed","2026-08-18","Owner — Menu builder, item wizard & item detail","","",""
"","5188","TC-115: admin can change a user's role","dashboard","2026-08-18","passed","2026-08-18","Admin — User Management > Settings tab","","",""
"The customer coupon-redemption path (previously untested): applying the seeded percentage coupon at checkout shows the discount in the order summary; a bogus code is rejected with an error and no discount.","3731","TC-125: a valid coupon applied at checkout shows the discount, an invalid one is rejected","customer","2026-08-18","passed","2026-08-18","Customer — Checkout coupon & delivery","","",""
"Store Operations → Daily Report opens the current business day's live report: the 'At a Glance' comparison KPIs (Net Sales / Orders) render with no load error. Seeded orders in beforeAll guarantee the day has real data behind the numbers.","3118","TC-141: owner can open the Daily Report and see the current day's live report","dashboard","2026-08-18","passed","2026-08-18","Owner — Daily Report Tab","","",""
"Customer clicks the seed menu item card, the item modal opens, and the Add to Cart button is visible.","2868","TC-23: customer can open the seed menu item modal and see Add to Cart button","customer","2026-08-18","passed","2026-08-18","Customer — Menu Browsing","","",""
"Sending the pre-filled follow-up email flips demo status NEW -> CONTACTED and delivers a real email through the Mailpit sandbox (verified via waitForEmail, gated on MAILPIT_BASE_URL).","27525","TC-08: admin can send a follow-up email","dashboard","2026-08-18","failed","2026-08-18","Admin — Demo Request Actions","","",""
"","2062","TC-81: OWNER is denied the loyalty route (EMPLOYEE/ADMIN only)","dashboard","2026-08-18","passed","2026-08-18","Access — Role restrictions","","",""
"The margin guardrail: a FREE_DELIVERY coupon carries a minimum order. Applying it to a cart below that minimum is rejected with the 'Order must be at least $X' message — the waiver never applies to a tiny order.","1411","TC-217: a free-delivery code below its minimum order is rejected","customer","2026-08-18","passed","2026-08-18","Customer — Free-delivery coupon","","",""
"","3306","TC-106: cancel resets the invite form","dashboard","2026-08-18","passed","2026-08-18","Admin — User Management > Invite dialog","","",""
"'Generate Menu' → 'AI Menu Import' (Upload File / Import from URL); 'Generate Images' → 'Bulk AI Image Generation'; wizard 'Paste Text' → 'Paste Menu Item'. Each is closed without submitting.","5028","TC-307: AI entry points open their dialogs (presence only — nothing is generated)","dashboard","2026-08-18","passed","2026-08-18","Owner — Menu builder, item wizard & item detail","","",""
"/chain/:groupId/restaurantManagement?tab=Menu: banner 'This is your shared menu — changes here apply to all 2 locations…'; 'Manage shared menu (all locations)' button; the shared item's availability switch is disabled and it has no $ / carry icons; A's location-only item is not listed at all (?sharedItemsOnly=true).","2383","TC-309: the chain shell Menu tab is the shared view — no per-location controls, local items hidden","dashboard","2026-08-18","passed","2026-08-18","Owner — Chain menu (per-location overrides, shared vs local)","","",""
"","1982","TC-56: owner can reach menu management @smoke","dashboard","2026-08-18","passed","2026-08-18","Access — Restaurant management (shared screens)","","",""
"Subtotal / Tax / Tip / 'Customer paid' in the Order Total block equal the seed RESPONSE values (server-authoritative pricing: tax is recomputed by the backend, so we compare against what it recorded, not what we sent). The delivery seed additionally shows its Delivery Fee row.","4986","TC-240: the detail sheet's money rows equal what the backend recorded for the order","dashboard","2026-08-18","passed","2026-08-18","Owner — Orders Tab","","",""
"","3752","TC-105: Owner role reveals the restaurant autocomplete","dashboard","2026-08-18","passed","2026-08-18","Admin — User Management > Invite dialog","","",""
"Editing a coupon's discount value and saving persists the new value. This previously 500'd server-side because the form sent `value` as a string but Prisma's coupon.update() expects a Float (RestauNax #481); the fix coerces numeric fields on both the form and the update controller. Verifies the update toast appears and the new value is reflected server-side.","4186","TC-92: owner can edit an existing coupon's discount value","dashboard","2026-08-18","passed","2026-08-18","Owner — Coupons","","",""
"After creating a coupon, it shows up as a row in the Manage Coupons list (a separate tab from Create Coupon, never visited by prior tests).","3760","TC-91: owner can see a created coupon in the Manage Coupons list","dashboard","2026-08-18","passed","2026-08-18","Owner — Coupons","","",""
"With nothing out of stock the category summary has no 'Restore All to Available' button. After 86'ing two items via the API the button appears; its ConsequenceDialog names the count and category; 'Restore all' → POST /menu/menu-groups/:id/reset-availability → '6 Available' and the button is gone.","3626","TC-290: Restore All to Available appears only with out-of-stock items and restores the whole category","dashboard","2026-08-18","passed","2026-08-18","Owner — Menu tab (availability / featured)","","",""
"At A: $ dialog → set Base price 13 and Large 18 → two 'Overridden' chips → Save → PATCH body carries basePriceOverride + a modifierOverrides row; A's API read resolves Large=18 (masterPrice 15) and B is untouched; reopen → '%' quick-adjust 10 + Apply previews values relative to the SHARED prices (13.20 / 16.50 — asserted on the inputs, not saved) → per-row 'Reset to shared price' ×2 → Save → both back to shared.","4246","TC-318: the $ dialog overrides a size price per location; row resets clear them","dashboard","2026-08-18","passed","2026-08-18","Owner — Chain menu (per-location overrides, shared vs local)","","",""
"","0","TC-02: receive confirmation email after demo request submission","dashboard","2026-08-18","skipped","2026-08-18","Demo Request — Public Form","","",""
"Expanding the Coupons accordion and clicking Create Coupon loads the coupon form.","2605","TC-30: owner can navigate to the Create Coupon form","dashboard","2026-08-18","passed","2026-08-18","Owner — Coupons","","",""
"REPLACES_PRICE size group on a $10.00 item: the default Small ($8.00) prices the item at $8.00; switching to Large reprices to $12.00 — the base price is replaced, not adjusted.","1929","TC-193: a REPLACES_PRICE modifier overrides the base price","customer","2026-08-18","passed","2026-08-18","Customer — Item Modifiers","","",""
"Every automation exposes the same funnel the event campaigns report — pending/sent/failed/skipped/opened/clicked/redeemed/discountValueGiven — all numeric, so 'what worked' is always answerable.","182","TC-212: the stats endpoint returns the full campaign-grade funnel","dashboard","2026-08-18","passed","2026-08-18","Admin — Marketing automations","","",""
"The Sort dropdown drives server-side ordering (per-column grid sorting is disabled). 'Highest Amount' → sortBy=total&sortDirection=desc and the returned totals are non-increasing; 'Lowest Amount' → asc and non-decreasing.","4870","TC-237: sorting by amount re-queries with sortBy=total and orders the rows accordingly","dashboard","2026-08-18","passed","2026-08-18","Owner — Orders Tab","","",""
"An export of nothing is a 400 on the backend, so the toolbar disables the Export button while totalCount is 0 and re-enables it once rows are back.","3927","TC-249: Export is disabled when the current view has no orders","dashboard","2026-08-18","passed","2026-08-18","Owner — Orders Tab","","",""
"Filter Orders → Order Type = Delivery (scoped to the seed surname) sends orderType=DELIVERY and returns only order B; the pickup seeds A and C are excluded.","4860","TC-235: the Order Type filter returns only orders of that type","dashboard","2026-08-18","passed","2026-08-18","Owner — Orders Tab","","",""
"Clicking Analytics in the portal sidebar loads the Restaurant Analytics dashboard: title, refresh control, and the date-range selector are all present.","13062","TC-35: owner can open the Analytics tab and see the dashboard header","dashboard","2026-08-18","failed","2026-08-18","Owner — Analytics Tab","","",""
"On a freshly created (menu-less) restaurant assigned to the owner, the Menu tab shows 'No menu data available' with an 'Open menu builder' CTA that lands on the builder route (/restaurant/restaurantId/:id, scope bar 'Editing menu for: <name>'). NOTE: the builder page is CreateStore's data-driven wizard — a restaurant with no business hours shows its Business Hours step before the menu step, so either that or the builder's 'No categories yet' empty state is accepted. Throwaway restaurant is created + assigned via the admin API and deleted afterwards.","5345","TC-293: a restaurant with no menu shows the empty state that opens the builder","dashboard","2026-08-18","passed","2026-08-18","Owner — Menu tab (availability / featured)","","",""
"PUT /api/order/statistics/cancel/:id on a live unpaid order → 200 {action:'CANCELLED'}; the same call again → 400 'already been cancelled'. Prevents double-cancel from a stale sheet.","1565","TC-256: cancelling an already-cancelled order is rejected","dashboard","2026-08-18","passed","2026-08-18","Owner — Orders API contract","","",""
"Deterministic proof that the report aggregates real order data: after seeding 3 CONFIRMED orders at the seed item's real price, the current business day's KPIs (from GET /restaurant/:id/daily-close?include=report) have grown by at least the seeded order count and net-sales amount vs. the pre-seed baseline. Uses >= (not ==) because other specs may add orders to the same day concurrently — they only ever increase it.","368","TC-142: the seeded orders are reflected in today's Daily Report KPIs","dashboard","2026-08-18","passed","2026-08-18","Owner — Daily Report Tab","","",""
"At A: eye icon → dialog 'Remove ""<item>"" from this location's menu?' → 'Remove from menu' → PATCH …/carried {isCarried:false, restaurantId:A}; the row stays (owner view) with an 'Add back…' icon; the CUSTOMER menu for A omits the item while B's still has it; 'Add back' restores.","8356","TC-312: removing a shared item from one location's menu hides it on that storefront only","dashboard","2026-08-18","passed","2026-08-18","Owner — Chain menu (per-location overrides, shared vs local)","","",""
"Navigating to /restaurant/restaurantId/:id/restaurantManagement loads the portal shell with a sidebar drawer.","2101","TC-15: owner can navigate to the restaurant management page and the portal shell loads","dashboard","2026-08-18","passed","2026-08-18","Owner — Restaurant Management Portal","","",""
"Detail page 'Upload' → hidden file input → POST /upload/menu/item/picture/:id → 'Remove Image' shown; 'Remove Image' → confirm 'Yes, Remove' → DELETE …/picture → back to the upload-only overlay; GET /menu/itemId/:id imageUrls goes truthy then null.","6321","TC-301: item detail Upload / Remove Image round-trip","dashboard","2026-08-18","passed","2026-08-18","Owner — Menu builder, item wizard & item detail","","",""
"PATCH …/price-override on an item of a standalone restaurant → 400 'only available for chain master items'; without restaurantId → 400; without a token → 401 (the routes sit behind requireAuth — CHANNEL_PRICING_DESIGN.md claims otherwise; this pins the code).","1162","TC-274: override routes reject standalone items, require restaurantId and a token","dashboard","2026-08-18","passed","2026-08-18","Owner — Menu API contract","","",""
"A maxSelections=2 checkbox group: after two selections the third, unchecked option is disabled (and un-checking frees it again).","1810","TC-191: maxSelections caps a multi-select group — remaining options disable at the cap","customer","2026-08-18","passed","2026-08-18","Customer — Item Modifiers","","",""
"Chain: POST /menu/item/new {groupId: sharedCategory, ownerRestaurantId: A} → A lists it with source:'RESTAURANT', B does not; ownerRestaurantId of a restaurant outside the chain → 400 'does not belong to the chain'.","970","TC-279: a location-only item under a shared category is invisible to the other location","dashboard","2026-08-18","passed","2026-08-18","Owner — Menu API contract","","",""
"Admin navigates to Demo Management, searches by email, and verifies the row shows correct name, status NEW, and a creation timestamp.","2727","TC-04: admin can find the new demo request in Demo Management","dashboard","2026-08-18","passed","2026-08-18","Admin — Demo Management","","",""
"Submitting a coupon with a discount value outside 1-100 shows a validation error and does not create the coupon.","3345","TC-63: an invalid discount percentage is rejected","dashboard","2026-08-18","passed","2026-08-18","Owner — Coupons","","",""
"sortBy=total&sortDirection=asc returns non-decreasing totals; limit=2 caps the page and totalPages = ceil(totalCount / limit). Search-scoped to this file's seeds plus whatever else matches, so it stays true regardless of QA residue.","622","TC-261: the management list honours sort direction and page size","dashboard","2026-08-18","passed","2026-08-18","Owner — Orders API contract","","",""
"","5053","TC-109: role filter narrows the list","dashboard","2026-08-18","passed","2026-08-18","Admin — User Management > List, search & filter","","",""
"Applying a freshly purchased, fully-funded gift card at checkout shows the 'Gift card applied' discount summary in the Gift Card box.","1610","TC-171: a valid gift card applied at checkout shows the discount","customer","2026-08-18","passed","2026-08-18","Customer — Checkout gift card","","",""
"Navigating directly to /restaurant/stores with no session redirects to /sign-in rather than rendering the dashboard.","2137","TC-71: an unauthenticated visitor hitting the owner restaurant list is redirected to sign-in","dashboard","2026-08-18","passed","2026-08-18","Access — Unauthenticated","","",""
"After Stripe redirects back to /stripe-onboarding-success the page shows either 'Stripe Account Successfully Connected!' or 'Stripe Account Setup In Progress', and the Restaurant Dashboard button is always present.","2430","TC-51: success callback page loads after Stripe redirect","dashboard","2026-08-18","passed","2026-08-18","Owner — Payment Settings (Stripe Setup) > Success callback page","","",""
"Card 'Clone Item' (data-testid menu-item-clone) → wizard at ?cloneFrom=<id> prefilled with '<name> (Copy)' and the source price → rename → save → two cards exist and the clone has its own id.","8544","TC-299: Clone Item opens a prefilled wizard and saves a second, independent item","dashboard","2026-08-18","passed","2026-08-18","Owner — Menu builder, item wizard & item detail","","",""
"Searching the Assign autocomplete for the known ADMIN_EMAIL account, selecting it, and clicking Assign PUTs assignedToId — verified via the response body (the UI doesn't surface the assignee anywhere else).","6408","TC-10: admin can assign a demo request to a team member","dashboard","2026-08-18","passed","2026-08-18","Admin — Demo Request Actions","","",""
"Owner clicks Edit Item on an existing menu item, updates name and price in the wizard, and verifies the success toast.","9293","TC-43: owner can edit a menu item name and price","dashboard","2026-08-18","passed","2026-08-18","Owner — Menu Management > Category and item CRUD","","",""
"A category that still contains items must not be deletable — the owner-facing menu editor hides the category 'Delete' button until the category is empty, preventing accidental bulk-deletion of its items. (Runs after TC-21, which leaves an item in the category.)","3353","TC-67: owner cannot delete a category that has items","dashboard","2026-08-18","passed","2026-08-18","Owner — Menu Management > Category and item CRUD","","",""
"The Manage Deals tab exposes a Create Deal button — navigation-only coverage for now; a full create-and-cleanup flow needs a deals API helper that doesn't exist yet.","2757","TC-87: Manage Deals tab shows the Create Deal action","dashboard","2026-08-18","passed","2026-08-18","Owner — Deals","","",""
"Selecting Item Discount as the discount type requires and accepts a menu item selection.","5378","TC-146: owner can create a FIXED_ITEM coupon","dashboard","2026-08-18","passed","2026-08-18","Owner — Coupons","","",""
"PUT /api/order/orderId/:id/status and PUT /api/order/statistics/:id/status validate the status against a 9-value allowlist (PENDING…REFUNDED). A bogus value is a 400 'Invalid order status' and the order is left untouched. INITIALIZED and SHIPPED exist in the enum but are deliberately not accepted here either.","507","TC-255: an unknown status value is rejected by both status endpoints @smoke","dashboard","2026-08-18","passed","2026-08-18","Owner — Orders API contract","","",""
"Typing a custom amount above the restaurant's configured maximum shows an inline error and does not advance to payment.","2070","TC-168: a custom amount above the maximum is rejected","customer","2026-08-18","passed","2026-08-18","Customer — Gift Cards","","",""
"The coupon code field has maxLength=20 — typing a longer string is truncated at the input level.","2893","TC-152: coupon code input truncates at 20 characters","dashboard","2026-08-18","passed","2026-08-18","Owner — Coupons","","",""
"POST /menu/item/new without a name field is rejected with a 4xx status, bypassing the UI.","200","TC-65: creating a menu item with no name is rejected","dashboard","2026-08-18","passed","2026-08-18","API — Negative cases","","",""
"","2001","TC-55: OWNER is denied the tax route (EMPLOYEE/ADMIN only)","dashboard","2026-08-18","passed","2026-08-18","Access — Role restrictions","","",""
"","0","TC-183: every day defaults to Closed, and Open/24 Hours toggle the time pickers correctly","dashboard","2026-08-18","skipped","2026-08-18","Employee — Business Hours","","",""
"MenuPage's landing-page deep link: /menu?restaurantId=<id>&item=<itemId> auto-opens the item modal (and scrolls to its group) once the menu loads — no card click needed.","858","TC-184: the ?item= deep link auto-opens that item's modal","customer","2026-08-18","passed","2026-08-18","Customer — Menu Browsing","","",""
"Select Delivery, resolve a fee quote, then apply the free-delivery code: the coupon applies and the order summary shows the delivery fee waived ('Free'). Skips cleanly when the restaurant is pickup-only, Google Places yields no suggestion, or delivery is not available at the address (external dependencies, mirroring TC-126).","13903","TC-215: on a delivery order the code waives the fee and shows Free","customer","2026-08-18","skipped","2026-08-18","Customer — Free-delivery coupon","","",""
"POST /api/order/statistics/export/:id with a search that matches nothing → 400 'No orders found'. With the seed surname → 200 text/csv whose header is the 32 documented columns and whose 'Order Number' column (the receipt number) includes our seeded order.","387","TC-260: CSV export rejects an empty result set and streams a 32-column CSV otherwise","dashboard","2026-08-18","passed","2026-08-18","Owner — Orders API contract","","",""
"The common (non-Stripe) cancel path that TC-225 does not cover. For an unpaid order the nested dialog shows no 'will be refunded' copy and its confirm button reads 'Cancel Order' (not 'Cancel & Refund'). Confirming PUTs /api/order/statistics/cancel/:id → {success:true, action:'CANCELLED'}, a success alert shows, the sheet auto-closes; re-opening shows the Cancelled chip with no Cancel / Mark-as buttons and no Order Progress stepper.","6753","TC-246: owner cancels an UNPAID order — no refund copy, order becomes Cancelled and loses its actions","dashboard","2026-08-18","passed","2026-08-18","Owner — Orders Tab","","",""
"DELETE /menu/menuItemId/:id → 409 {blockers:{deals:[…]}} while an active deal includes the item; after the deal is removed the same delete succeeds.","1020","TC-272: an item referenced by an ACTIVE deal cannot be deleted (409 with blockers)","dashboard","2026-08-18","passed","2026-08-18","Owner — Menu API contract","","",""
"?detailOrderId=<garbage> triggers a lookup that 4xx's; the tab must still render the dashboard and grid with no detail sheet and no uncaught page error.","2433","TC-252: deep-linking to an unknown order id does not break the tab","dashboard","2026-08-18","passed","2026-08-18","Owner — Orders Tab","","",""
"Chain: 86 a shared item at A and at B. POST /menu/menu-groups/:sharedGroup/reset-availability {restaurantId:A} → A reads outOfStock:false while B is still out of stock (only A's override rows are cleared — RestauNax #602). The legacy call without restaurantId only clears the master flag, so B stays 86'd until its own location reset. A non-member restaurantId → 400.","1895","TC-282: chain reset-availability with restaurantId un-86s that location only; without it, the master flag","dashboard","2026-08-18","passed","2026-08-18","Owner — Menu API contract","","",""
"Selecting the Free Delivery discount type hides the discount-value field (the fee waiver is computed at checkout), and the created coupon persists with type FREE_DELIVERY.","4377","TC-209: owner can create a Free Delivery coupon (no discount value)","dashboard","2026-08-18","passed","2026-08-18","Owner — Coupons","","",""
"Filling the form with a malformed email and clicking submit leaves the visitor on /demo with no success dialog (native email-type validation blocks it).","18145","TC-75: submitting an invalid email format does not submit the form","dashboard","2026-08-18","failed","2026-08-18","Demo Request — Public Form","","",""
"Flipping the master switch persists Restaurant.lifecycleMarketingOptOut (verified via API); the test restores the original state.","3129","TC-207: the master switch pauses and resumes all automated marketing","dashboard","2026-08-18","passed","2026-08-18","Owner — Automated Marketing","","",""
"Toggling one program row persists that enrollment only (verified via API — the other programs keep their state); restored afterwards.","2899","TC-208: a single program can be paused without touching the others","dashboard","2026-08-18","passed","2026-08-18","Owner — Automated Marketing","","",""
"DELETE /menu/group/:id → 400 'Cannot delete a menu category that still has items' while any item is present; an empty category deletes with 200.","815","TC-273: a category with items cannot be deleted; an empty one can","dashboard","2026-08-18","passed","2026-08-18","Owner — Menu API contract","","",""
"","3301","TC-42: owner can edit a menu category name","dashboard","2026-08-18","skipped","2026-08-18","Owner — Menu Management > Category and item CRUD","","",""
"The edit dialog offers Email and SMS channel switches; flipping SMS on reveals the SMS message editor. Dialog is cancelled — nothing persists.","3287","TC-213: SMS controls live in the edit dialog behind the channel toggle","dashboard","2026-08-18","passed","2026-08-18","Admin — Marketing automations","","",""
"A Fixed Amount coupon submitted with a value of 0 shows 'Amount must be greater than 0' and does not create the coupon (complements TC-63, which covers the PERCENTAGE-range path).","3459","TC-148: a non-positive FIXED_AMOUNT value is rejected","dashboard","2026-08-18","passed","2026-08-18","Owner — Coupons","","",""
"Base $10.00 item + $1.50 ADJUSTS_PRICE add-on → the Add to Cart label's live price reads $11.50.","1907","TC-192: an ADJUSTS_PRICE modifier adds its price to the item total","customer","2026-08-18","passed","2026-08-18","Customer — Item Modifiers","","",""
"Creating a chain requires a founding restaurant that already has a menu, an assigned owner, and doesn't belong to a chain yet. This seeds a throwaway restaurant + menu via the API and assigns the seed OWNER account to it (never the shared seed restaurant, since chain membership isn't easily undone — there's no DELETE chain endpoint), then drives the real Create Chain UI flow: search the founding store, submit, land on the auto-opened detail panel, and confirm the new chain shows up back in the list.","20285","TC-223: admin creates a chain from a founding restaurant","dashboard","2026-08-18","failed","2026-08-18","Admin — Chains","","",""
"Location A's Menu tab: header 'Managing: A • part of your chain' + 'Switch to chain view (2 locations)'; banner 'You're editing A. Shared items come from the chain menu…'; summary 'N shared (chain) · N only this location'; the shared item is chipped 'From shared menu' and has $ + carry icons, the local item is chipped 'This location only' and has neither. The builder's scope bar reads 'Editing menu for:' with 'Switch to all 2 locations' → the chain shell Menu tab.","3748","TC-308: a chain member's Menu tab shows the location banner, split summary and per-item source chips","dashboard","2026-08-18","passed","2026-08-18","Owner — Chain menu (per-location overrides, shared vs local)","","",""
"Backing out of the cancel dialog must be free of side effects: no cancel request is sent, the nested dialog closes and the sheet still offers Cancel Order.","3305","TC-247: 'Keep Order' closes the cancel dialog without cancelling","dashboard","2026-08-18","passed","2026-08-18","Owner — Orders Tab","","",""
"FREE_DELIVERY is delivery-only: applying the code while the order is Pickup sends serviceType to validate and the backend rejects it with a delivery-only message — no discount, no $0.00 'saving'.","2094","TC-214: a free-delivery code is rejected on a pickup order","customer","2026-08-18","passed","2026-08-18","Customer — Free-delivery coupon","","",""
"The safe half of the run-now contract: a disabled program returns 400 and creates zero sends. (Run-now on an enabled program sends real mail and is intentionally not automated.)","164","TC-205: run-now on a disabled automation is rejected without sending","dashboard","2026-08-18","skipped","2026-08-18","Admin — Marketing automations","","",""
"Filtering by 'Active' hides an expired coupon (seeded with a past end date) from the list.","3706","TC-156: Manage Coupons status filter narrows to Active","dashboard","2026-08-18","passed","2026-08-18","Owner — Coupons","","",""
"Submitting an Item Discount coupon without picking a menu item is blocked and no coupon is created. Note: the app's own validateForm() has a menuItemId-required rule with a custom message, but it never gets a chance to run here — MUI's Select renders a hidden input[name=menuItemId][required] for native HTML5 form validation, and the browser's native 'Please fill out this field' constraint-validation UI intercepts the submit event before React's onSubmit fires (confirmed live: no POST /api/coupons request is ever sent).","3822","TC-147: FIXED_ITEM without a menu item selection is rejected","dashboard","2026-08-18","passed","2026-08-18","Owner — Coupons","","",""
"Typing a substring of a coupon's description into the search box also matches that coupon.","3970","TC-154: Manage Coupons search filters by description","dashboard","2026-08-18","passed","2026-08-18","Owner — Coupons","","",""
"","0","TC-166: guest purchases a gift card with a custom amount","customer","2026-08-18","skipped","2026-08-18","Customer — Gift Cards","","",""
"availability / featured / price-override carry assertControlsRestaurant / assertControlsMenuOwner: a second owner's token gets 403 on our item. Proves the second-owner token and fixture are real, and keeps the guarded set guarded.","415","TC-287: the guarded routes DO reject another owner (positive control for the pins)","dashboard","2026-08-18","passed","2026-08-18","Owner — Menu API contract > authorization — a second owner against our menu","","",""
"Typing a receipt number into the search box sends it as ?search= (the backend strips a leading '#', matches receiptNumber `contains` + exact orderNumber) and the seeded order's row is in the grid. `contains` can legitimately return other receipts that embed the digits, so we assert our row is present and every returned row matches — not totalCount===1.","3868","TC-231: searching by receipt number returns the seeded order","dashboard","2026-08-18","passed","2026-08-18","Owner — Orders Tab","","",""
"Builder card body click → …/groupId/:gid/itemId/:iid with the item's name and price rendered and the bottom bar (Preview / Edit / Delete). 'Edit' → …/edit wizard with the name prefilled; browser Back returns to the detail page.","6837","TC-300: clicking a card opens the item detail page; Edit opens the edit wizard","dashboard","2026-08-18","passed","2026-08-18","Owner — Menu builder, item wizard & item detail","","",""
"With base 13 / Large 18 saved at A, reopen the $ dialog and click 'Reset all to shared'. Expected: both rows read 12.00 / 15.00 with no 'Overridden' chip (was an expected-fail pin until RestauNax #602 fixed LocationPricingEditor.resetAll, which re-seeded from the saved override).","2688","TC-317: 'Reset all to shared' resets SAVED overrides to the shared prices","dashboard","2026-08-18","passed","2026-08-18","Owner — Chain menu (per-location overrides, shared vs local)","","",""
"Clicking 'Restaurant Dashboard' on the success page navigates to /restaurant/restaurantId/<id>/restaurantManagement.","2442","TC-52: clicking Restaurant Dashboard redirects to restaurant management","dashboard","2026-08-18","passed","2026-08-18","Owner — Payment Settings (Stripe Setup) > Success callback page","","",""
"","2951","TC-06: admin can change demo status via inline dropdown","dashboard","2026-08-18","passed","2026-08-18","Admin — Demo Request Actions","","",""
"Chain: PATCH …/availability on a shared item without restaurantId → 400; with A → A reads outOfStock:true, B false (only A's MenuItemLocationOverride row is written, the master flag stays).","893","TC-278: 86'ing a shared item is per location and requires restaurantId","dashboard","2026-08-18","passed","2026-08-18","Owner — Menu API contract","","",""
"POST /api/coupons/restaurant/:id with a negative `value` is rejected with a 4xx status.","223","TC-68: creating a coupon with a negative discount value is rejected","dashboard","2026-08-18","passed","2026-08-18","API — Negative cases","","",""
"","261","TC-283: another owner must not be able to edit our item (PUT …/changes)","dashboard","2026-08-18","passed","2026-08-18","Owner — Menu API contract > authorization — a second owner against our menu","","",""
"Selecting the 'Last 7 days' preset and applying it re-fetches the dashboard for the new window: the request fires, the picker closes, and the page resolves again with no load error.","12987","TC-129: changing the range to Last 7 days reloads the dashboard","dashboard","2026-08-18","failed","2026-08-18","Owner — Analytics Tab","","",""
"The frontend doesn't gate gift-card redemption on whether a coupon is already applied (or vice versa) — both discounts show simultaneously. This documents currently-supported behavior; it does not touch the separate canCombineWithCoupons config flag, which isn't enforced by either side today (see TEST_COVERAGE.md's Known Technical Debt).","1958","TC-176: a coupon and a gift card can both be applied to the same order","customer","2026-08-18","passed","2026-08-18","Customer — Checkout gift card","","",""
"Single-select groups render real radio inputs sharing one name: choosing a second option deselects the first.","2272","TC-190: a maxSelections=1 group behaves as a radio — picking B replaces A","customer","2026-08-18","passed","2026-08-18","Customer — Item Modifiers","","",""
"Filling in a Stripe DECLINED test card and clicking Complete Order shows a Payment Error on the checkout page instead of reaching Order Confirmed.","6411","TC-64: a declined card shows a payment error and does not place the order","customer","2026-08-18","passed","2026-08-18","Customer — Order Placement","","",""
"","2995","TC-12: Proceed to Onboarding navigates to restaurant setup","dashboard","2026-08-18","passed","2026-08-18","Admin — Demo Request Actions","","",""
"Opening Delete and clicking Cancel (without typing the confirm word) does not delete the coupon.","4129","TC-161: cancelling the delete confirmation leaves the coupon untouched","dashboard","2026-08-18","passed","2026-08-18","Owner — Coupons","","",""
"A gift card whose balance has been adjusted down to $0 (admin) is rejected at checkout with a 'no remaining balance' error.","2051","TC-174: a depleted gift card is rejected","customer","2026-08-18","passed","2026-08-18","Customer — Checkout gift card","","",""
"DELETE /menu/menuItemId/:id sets isActive=false (row survives, GET /menu/itemId still 200); DELETE …/permanent with an owner token → 403; with an admin token → 200 and the item is gone.","1076","TC-271: item delete is a soft delete; the permanent route is admin-only","dashboard","2026-08-18","passed","2026-08-18","Owner — Menu API contract","","",""
"A password under 8 characters shows an inline validation error on blur (client-side validation; submit is never attempted here).","1670","TC-96: a weak password is rejected client-side","dashboard","2026-08-18","passed","2026-08-18","Public — Sign up","","",""
"With a $0.25 item (server-quoted total lands between $0.01 and $0.49), checkout disables the proceed button — label 'Minimum $0.50 Required' — and shows the explainer banner. No order is created.","2254","TC-188: a quoted total under Stripe's $0.50 minimum blocks payment","customer","2026-08-18","passed","2026-08-18","Customer — Checkout Stripe minimum","","",""
"When Stripe is not connected the page shows a 'What You'll Need' checklist with Personal Information, Business Details, Bank Account, and Payout Settings.","1787","TC-50: setup page shows the What You'll Need requirements section","dashboard","2026-08-18","passed","2026-08-18","Owner — Payment Settings (Stripe Setup) > Setup page — pre-connection state (mocked)","","",""
"","2","TC-169: balance check shows the correct balance for a freshly purchased card","customer","2026-08-18","skipped","2026-08-18","Customer — Gift Cards","","",""
"Typing a coupon's code into the search box narrows the table to matching rows.","3861","TC-153: Manage Coupons search filters by code","dashboard","2026-08-18","passed","2026-08-18","Owner — Coupons","","",""
"TC-132 proved the request fires; this proves the ROWS are right. Search by the seed surname (so the result set is exactly our three rows) then filter Pending → the response carries status=PENDING and contains only order A (PENDING) — B (CONFIRMED) and C (CANCELLED) are gone.","4784","TC-234: the Order Status filter returns only orders in that status","dashboard","2026-08-18","passed","2026-08-18","Owner — Orders Tab","","",""
"Clicking the Code column header toggles the sort direction without erroring.","3525","TC-157: Manage Coupons table sorts by Code","dashboard","2026-08-18","passed","2026-08-18","Owner — Coupons","","",""
"Filling the sign-up form and submitting redirects off /sign-up to the dashboard home. A fresh self-serve account is role USER (with only VIEW_RESTAURANT) — it does not become OWNER until the account creates a restaurant.","4631","TC-93: a visitor can register a new account","dashboard","2026-08-18","passed","2026-08-18","Public — Sign up","","",""
"From the restaurant portal, the sidebar 'Menu' item renders the 'Menu Availability Management' page: the seeded category accordion shows '6 Available'; 'Manage Menu' navigates to the builder at /restaurant/restaurantId/:id (New Category visible).","4891","TC-288: the sidebar Menu tab opens Menu Availability Management and Manage Menu opens the builder @smoke","dashboard","2026-08-18","passed","2026-08-18","Owner — Menu tab (availability / featured)","","",""
"Win-Back's dialog shows its inactivity threshold, the email template is view-only (disabled input — content can never mismatch the program), and a cooldown change round-trips through save + reload.","3576","TC-202: edit dialog shows per-type fields, locks the template, and persists a change","dashboard","2026-08-18","passed","2026-08-18","Admin — Marketing automations","","",""
"At A's builder, 'Add <shared category> Item' → dialog 'Who is this item for?' → 'Just this store' → wizard at ?ownerOnly=1 with the banner 'This item is for this location only…' → save → the item is listed at A with the 'This location only' chip / 'Only here' badge and is absent from B and from the chain shell; 'All my stores' → no ownerOnly, item present at both.","14105","TC-314: 'Who is this item for?' — Just this store creates a location-only item invisible to B","dashboard","2026-08-18","passed","2026-08-18","Owner — Chain menu (per-location overrides, shared vs local)","","",""
"With serviceType DELIVERY and a fee above the cap, validate returns a deliveryDiscount limited to the coupon's $5 cap and echoes the cap — the values the POS renders as the waived-fee line.","51","TC-219: validate returns the capped waiver + cap for a DELIVERY order","pos","2026-08-18","passed","2026-08-18","POS — Free-delivery coupon (validate contract)","","",""
"","3787","TC-114: the side sheet can be closed","dashboard","2026-08-18","passed","2026-08-18","Admin — User Management > Detail side sheet","","",""
"THE through-line. Guest places a real pickup order on Template Wind (`page`); the owner (`ownerPage`) opens it by id — same receipt #, 'Customer paid' equals the checkout total, the item is listed, Customer Info shows the name/phone the customer typed — then finds it in the grid by the customer's surname (exactly one row) and marks it Confirmed → Preparing → Ready → Picked Up. Never searches by the confirmation page's 'Order #' — that is the DAILY order number, not the permanent receipt.","19544","TC-253 @stripe: a customer's Stripe order reaches the owner with the same receipt, items, total and contact, and the owner works it to Picked Up","dashboard","2026-08-18","passed","2026-08-18","Owner — Orders journey (customer → owner)","","",""
"Navigating directly to /admin with no session redirects to /sign-in rather than rendering the admin dashboard.","3047","TC-72: an unauthenticated visitor hitting the admin dashboard is redirected to sign-in","dashboard","2026-08-18","passed","2026-08-18","Access — Unauthenticated","","",""
"Owner creates an empty category, then deletes it and verifies it no longer appears in the category tabs.","5947","TC-45: owner can delete a menu category","dashboard","2026-08-18","passed","2026-08-18","Owner — Menu Management > Category and item CRUD","","",""
"Clicking Store Settings in the portal sidebar appends ?tab=Store%20Settings to the URL.","2522","TC-16: owner can navigate to Store Settings via the sidebar","dashboard","2026-08-18","passed","2026-08-18","Owner — Restaurant Management Portal","","",""
"When POST /api/stripe/account/restaurant/:id/create fails, the page shows an inline error alert and stays on /setupStripe instead of redirecting to Stripe.","2057","TC-78: a failed Stripe account-create call shows an error and does not redirect","dashboard","2026-08-18","passed","2026-08-18","Owner — Payment Settings (Stripe Setup) > Setup page — pre-connection state (mocked)","","",""
"","80","TC-179: current-orders + status reject an unauthenticated caller","pos","2026-08-18","skipped","2026-08-18","POS — Order Lifecycle","","",""
"Opening Edit on a coupon loads its current code/value into the form (read-only pre-fill check — does not submit).","4802","TC-162: Edit pre-fills the form with the coupon's existing values","dashboard","2026-08-18","passed","2026-08-18","Owner — Coupons","","",""
"Filling password/confirmPassword with different values shows an inline 'Passwords must match' error on blur (client-side validation; submit is never attempted here).","1673","TC-95: a mismatched confirm-password blocks submission","dashboard","2026-08-18","passed","2026-08-18","Public — Sign up","","",""
"An ACTIVE deal (API-seeded) references the item → detail 'Delete' → confirm → backend 409 → dialog 'Cannot Delete This Item' listing the deal under 'Active Deals' → OK; the item stays active.","3331","TC-303: Delete is blocked with a 'Cannot Delete This Item' dialog while an active deal uses the item","dashboard","2026-08-18","passed","2026-08-18","Owner — Menu builder, item wizard & item detail","","",""
"Clicking the date-range button opens the picker popover exposing the Quick Select presets (Last 7 days / Last 30 days), so owners can change the reporting window.","12725","TC-128: the date-range picker opens with quick-select presets","dashboard","2026-08-18","failed","2026-08-18","Owner — Analytics Tab","","",""
"A customer landing on /checkout without anything in the cart gets the 'Your Cart is Empty' screen instead of the checkout form.","912","TC-185: /checkout with an empty cart shows the empty-cart message","customer","2026-08-18","passed","2026-08-18","Customer — Checkout","","",""
"After narrowing the Order Status filter, the Reset button returns it to 'All Statuses' so the owner can clear a filter without reloading the page.","4667","TC-133: resetting the filters restores the default status","dashboard","2026-08-18","passed","2026-08-18","Owner — Orders Tab","","",""
"Add-item wizard: Basic Information → skip modifiers → Image Upload via the hidden file input (fixtures/assets/menu-item.png) → 'View image' / 'Remove image' controls appear → Review saves the item and POSTs /upload/menu/item/picture/:id. The detail page shows the image and GET /menu/itemId/:id has imageUrls.","5714","TC-297: the wizard uploads an image from the Image step and the item carries it","dashboard","2026-08-18","passed","2026-08-18","Owner — Menu builder, item wizard & item detail","","",""
"Chain: PATCH …/location-pricing {restaurantId:A, basePriceOverride, modifierOverrides:[{modifierId, priceOverride}]} resolves that modifier's price to the override on A's read (masterPrice kept) and leaves B alone; a modifier that isn't on the item → 400; priceOverride:null deletes the row.","1321","TC-276: location-pricing overrides a size price per location and validates the modifier id","dashboard","2026-08-18","passed","2026-08-18","Owner — Menu API contract","","",""
"Selecting an allowsDuplicates modifier reveals its Qty stepper; bumping quantity to 2 doubles that modifier's contribution ($10.00 + 2 × $1.50 = $13.00).","1808","TC-194: an allowsDuplicates modifier's quantity stepper multiplies its price","customer","2026-08-18","passed","2026-08-18","Customer — Item Modifiers","","",""
"Searching for a code that doesn't exist shows the 'No coupons found' empty state.","3067","TC-155: Manage Coupons search with no matches shows the empty state","dashboard","2026-08-18","passed","2026-08-18","Owner — Coupons","","",""
"","0","TC-144: employee sees the required checklist on the publish page","dashboard","2026-08-18","skipped","2026-08-18","Employee — Publish menu","","",""
"A gift card funded below the order total covers only part of the charge — the customer still pays the remainder via Stripe, and the order completes normally.","9772","TC-178: a gift card that partially covers the order still requires Stripe payment for the remainder","customer","2026-08-18","passed","2026-08-18","Customer — Checkout gift card","","",""
"Filling the Notes field and clicking Save Changes PUTs /api/demo-requests/:id and the side sheet auto-closes on success (no toast). Reopening confirms the note persisted server-side.","4008","TC-07: admin can edit and save notes in the View/Edit Details side sheet","dashboard","2026-08-18","passed","2026-08-18","Admin — Demo Request Actions","","",""
"The search box is one field for name / email / phone (backend ORs over customer.* AND the on-order contact snapshot). Surname: the run-unique last name returns exactly the three named seed rows (the guest seed has no name). Email: the unique local part returns order A. (Phone is TC-262.)","4093","TC-232: searching by customer last name and email finds the seeded orders","dashboard","2026-08-18","passed","2026-08-18","Owner — Orders Tab","","",""
"Drives a real customer Stripe checkout on Template Wind, then cancels that order from the owner dashboard. Cancel Order's nested dialog smart-detects a completed Stripe payment and switches to the refund copy/button ('Cancel & Refund'), which triggers a real stripe.refunds.create on confirm (PUT /api/order/statistics/cancel/:orderId).","17909","TC-225 @stripe: owner cancels a Stripe-paid order and triggers a real refund","dashboard","2026-08-18","passed","2026-08-18","Owner — Orders journey (customer → owner)","","",""
"The admin Create Organization Coupon form offers the Free Delivery type; selecting it hides the Discount Value field (the fee waiver is computed at checkout) and repurposes Maximum Discount as the fee cap. Form is cancelled — nothing is created.","2453","TC-211: the org coupon form supports Free Delivery with no discount value","dashboard","2026-08-18","passed","2026-08-18","Admin — Marketing campaign events","","",""
"QA email is fully sandboxed (every send lands in the shared Mailpit inbox, never a real customer), so the enabled run-now path is exercised for real: cap the daily pace to 1, enable Win-Back, run it, and — when candidates exist — verify the send row flips SENT and the email arrives in Mailpit. State (enabled flag + caps) is restored afterwards.","4259","TC-210: run-now on an enabled automation queues sends and delivers to the sandbox inbox","dashboard","2026-08-18","passed","2026-08-18","Admin — Marketing automations","","",""
"Detail 'Delete' → confirm → DELETE /menu/menuItemId/:id (soft: isActive=false) → the builder card gets the 'No longer available' badge, the merged-menu read (Menu tab / storefront) hides it, and opening the detail URL directly shows 'This item is no longer available. All actions are disabled.' Skips with a reason if this owner lacks the Delete button (DELETE_MENU_ITEM).","5807","TC-302: Delete on the detail page soft-deletes — card badged, hidden from the menu read, detail shows the inactive banner","dashboard","2026-08-18","passed","2026-08-18","Owner — Menu builder, item wizard & item detail","","",""
"PATCH /menu/menu-items/:id/availability {outOfStock} flips the master flag for a standalone restaurant's item (visible on the public read); a body without outOfStock is a 400.","3607","TC-268: availability toggle writes MenuItem.outOfStock on a standalone item and requires the flag @smoke","dashboard","2026-08-18","passed","2026-08-18","Owner — Menu API contract","","",""
"","2088","TC-57: admin can reach menu management","dashboard","2026-08-18","passed","2026-08-18","Access — Restaurant management (shared screens)","","",""
"The Orders DataGrid renders a real column set (Status is in view, plus several more) — not just a search bar (TC-29 only checked the search UI). Far-right columns (Payment, Subtotal) are column-virtualized out of the DOM at the default viewport, so we assert the in-view Status header plus a minimum header count rather than every label.","2689","TC-131: the orders grid shows the key column headers","dashboard","2026-08-18","passed","2026-08-18","Owner — Orders Tab","","",""
"Add-item wizard step 0 → 'Browse Templates' → 'Menu Item Templates' gallery (lazy per cuisine) → Pizza → search 'pizza' → 'Use This Item' on the first result → the Item Name and Base Price fields are prefilled (no save).","3417","TC-298: 'Start from a Template' prefills name and price from the gallery","dashboard","2026-08-18","passed","2026-08-18","Owner — Menu builder, item wizard & item detail","","",""
"Checking the balance of a code that doesn't exist shows 'Card not found or invalid code'.","1775","TC-170: balance check shows not-found for a nonexistent code","customer","2026-08-18","passed","2026-08-18","Customer — Gift Cards","","",""
"Confirming the delete dialog actually removes the row, verified via the DELETE response and a re-search. Uses its own throwaway seeded demo request (separate even from this file's main seeded row) so the delete doesn't disrupt the other tests.","3606","TC-98: admin can permanently delete a demo request","dashboard","2026-08-18","passed","2026-08-18","Admin — Demo Request Actions","","",""
"The row action menu's Duplicate option opens the create form pre-filled with '<code>-COPY', and submitting it creates a second, independent coupon.","4481","TC-159: Duplicate pre-fills a new coupon form from an existing coupon","dashboard","2026-08-18","passed","2026-08-18","Owner — Coupons","","",""
"Clicking Filters actually opens the Filter Orders panel, not just a visible-but-inert button (TC-29 only asserted visibility, never exercised the click).","2933","TC-89: the Filters button opens the filter panel","dashboard","2026-08-18","passed","2026-08-18","Owner — Orders Tab","","",""
"At A: switch OFF the shared item → 'Mark sold out' → PATCH …/availability {outOfStock:true, restaurantId:A} → A reads Out of Stock; B's tab still shows Available and B's API row outOfStock:false; switch ON at A restores.","7361","TC-311: 86 at one location leaves the other location available","dashboard","2026-08-18","passed","2026-08-18","Owner — Chain menu (per-location overrides, shared vs local)","","",""
"The subscription page shows a Plan Details section with the current plan and price — read-only assertions only, no mutation of the shared QA account's real billing state.","2456","TC-85: subscription page shows plan details","dashboard","2026-08-18","passed","2026-08-18","Owner — Subscription & Billing","","",""
"","188","TC-76: changing a user's role to an unknown value is rejected","dashboard","2026-08-18","passed","2026-08-18","Admin — User Management > Settings tab — negative","","",""
"","296","TC-286: another owner must not upload an image onto our item","dashboard","2026-08-18","passed","2026-08-18","Owner — Menu API contract > authorization — a second owner against our menu","","",""
"With the grid narrowed to the seed surname, Export Orders → Current View POSTs /api/order/statistics/export/:id with exportType=current + the search term and the browser receives orders_<date>[…].csv. The file has the 32 documented columns and exactly the three named seed rows (by receipt number). Adding the Pending status filter narrows the CSV to order A.","5830","TC-248: Export → Current View downloads a CSV of exactly the filtered orders","dashboard","2026-08-18","passed","2026-08-18","Owner — Orders Tab","","",""
"With the deal auto-added but its slot unfilled, the checkout proceed button is disabled and labeled 'Complete Deals to Continue'.","2521","TC-196: an incomplete deal blocks checkout with 'Complete Deals to Continue'","customer","2026-08-18","passed","2026-08-18","Customer — Deals","","",""
"","2705","TC-60: invalid credentials show an error","dashboard","2026-08-18","passed","2026-08-18","Public — Sign in","","",""
"A FREE_DELIVERY coupon with a $1 fee cap on a delivery order whose fee exceeds $1: only $1 is waived, so the order total drops by exactly the cap (not the whole fee) and the fee row does not read 'Free'. Skips cleanly on the same external-dependency conditions as TC-215.","14408","TC-218: a fee cap limits the waiver to the capped amount","customer","2026-08-18","skipped","2026-08-18","Customer — Free-delivery coupon","","",""
"When the Stripe status API returns hasAccount: false the page renders the 'Set Up Stripe Account' button. Route-mocked so the test is independent of the QA account's real Stripe state.","1487","TC-49: owner without Stripe sees the Set Up Stripe Account button","dashboard","2026-08-18","passed","2026-08-18","Owner — Payment Settings (Stripe Setup) > Setup page — pre-connection state (mocked)","","",""
"The restaurant created in globalSetup appears as a card on the list page.","1800","TC-14: seed restaurant card is visible with the correct restaurant name","dashboard","2026-08-18","passed","2026-08-18","Owner — My Restaurants List","","",""
"When the owner clicks 'Set Up Stripe Account' the frontend POSTs to /api/stripe/account/restaurant/:id/create, receives an accountLinkUrl, and sets window.location.href to that URL (redirecting to Stripe).","2041","TC-53: clicking Set Up Stripe Account calls the create API and redirects to Stripe","dashboard","2026-08-18","passed","2026-08-18","Owner — Payment Settings (Stripe Setup) > Setup page — pre-connection state (mocked)","","",""
"","3754","TC-113: OWNER detail exposes all tabs incl. read-only Restaurants","dashboard","2026-08-18","passed","2026-08-18","Admin — User Management > Detail side sheet","","",""
"Creating a chain requires a founding restaurant that already has a menu, an assigned owner, and doesn't belong to a chain yet. This seeds a throwaway restaurant + menu via the API and assigns the seed OWNER account to it (never the shared seed restaurant, since chain membership isn't easily undone — there's no DELETE chain endpoint), then drives the real Create Chain UI flow: search the founding store, submit, land on the auto-opened detail panel, and confirm the new chain shows up back in the list.","7450","TC-223: admin creates a chain from a founding restaurant","dashboard","2026-08-18","passed","2026-08-18","Admin — Chains","","",""
"PENDING → Confirmed → Preparing → Ready → Picked Up via the single forward-only 'Mark as …' button, each click confirmed by the status PUT. At the terminal status the button disappears, the header chip reads 'Picked Up', all four prior steps are marked complete, and the sheet stays open.","5106","TC-244: owner drives a pickup order through its whole lifecycle from the detail sheet","dashboard","2026-08-18","passed","2026-08-18","Owner — Orders Tab","","",""
"Cart is injected via sessionStorage; customer navigates to /checkout and sees the customer info form.","1651","TC-24: customer with pre-seeded cart can reach checkout and see the form","customer","2026-08-18","passed","2026-08-18","Customer — Checkout","","",""
"Detail 'Reorder modifiers' opens the dnd-kit sheet; focusing 'Drag to reorder Small' and pressing Space, ArrowDown, Space moves it below Large; 'Save order' → PUT …/modifier-order → toast 'Modifier order saved' and GET /menu/itemId/:id returns Large before Small.","3925","TC-304: Reorder modifiers — keyboard drag in the sheet persists the new order","dashboard","2026-08-18","passed","2026-08-18","Owner — Menu builder, item wizard & item detail","","",""
"","2815","TC-05: admin can open the action menu on a demo row","dashboard","2026-08-18","passed","2026-08-18","Admin — Demo Request Actions","","",""
"Owner expands the Deals flyout section in the sidebar and clicks Manage Deals, landing on ?tab=deals with the Manage Deals heading visible.","2878","TC-86: owner can reach the Manage Deals tab","dashboard","2026-08-18","passed","2026-08-18","Owner — Deals","","",""
